:100000006F00101A6F00C008000000000000000020
:100010006F00001100000000000000000000000060
:100020006F008018000000000000000000000000C9
:100030006F00002000000000000000000000000031
:10004000000000006F0040276F00802F00000000BC
:100050000000000000000000000000006F005003DE
:100060006F0080696F0040366F00803E6F00C046B1
:100070006F00004F6F0040576F00805F6F0040704F
:100080006F008078130000001300000013000000D0
:10009000130101F823201100232221002324310021
:1000A0002326410023285100232A6100232C7100BC
:1000B000232E8100232091022322A1022324B102B6
:1000C0002326C1022328D102232AE102232CF10294
:1000D000232E01032320110523222105232431058A
:1000E0002326410523285105232A6105232C710568
:1000F000232E8105232091072322A1072324B10762
:100100002326C1072328D107232AE107232CF1073F
:1001100073252034F3251034EF00903F6F00C07F2B
:10012000130101F823201100232221002324310090
:100130002326410023285100232A6100232C71002B
:10014000232E8100232091022322A1022324B10225
:100150002326C1022328D102232AE102232CF10203
:10016000232E0103232011052322210523243105F9
:100170002326410523285105232A6105232C7105D7
:10018000232E8105232091072322A1072324B107D1
:100190002326C1072328D107232AE107232CF107AF
:1001A000EF00D02B6F004077130101F823201100DE
:1001B000232221002324310023264100232851003B
:1001C000232A6100232C7100232E81002320910219
:1001D0002322A1022324B1022326C1022328D10213
:1001E000232AE102232CF102232E010323201105EF
:1001F00023222105232431052326410523285105E7
:10020000232A6105232C7105232E810523209107C4
:100210002322A1072324B1072326C1072328D107BE
:10022000232AE107232CF107EF00900E6F00C06E28
:10023000130101F82320110023222100232431007F
:100240002326410023285100232A6100232C71001A
:10025000232E8100232091022322A1022324B10214
:100260002326C1022328D102232AE102232CF102F2
:10027000232E0103232011052322210523243105E8
:100280002326410523285105232A6105232C7105C6
:10029000232E8105232091072322A1072324B107C0
:1002A0002326C1072328D107232AE107232CF1079E
:1002B000EF00D0416F004066130101F823201100C8
:1002C000232221002324310023264100232851002A
:1002D000232A6100232C7100232E81002320910208
:1002E0002322A1022324B1022326C1022328D10202
:1002F000232AE102232CF102232E010323201105DE
:1003000023222105232431052326410523285105D5
:10031000232A6105232C7105232E810523209107B3
:100320002322A1072324B1072326C1072328D107AD
:10033000232AE107232CF107EF00D03C6F00C05DBA
:10034000130101F82320110023222100232431006E
:100350002326410023285100232A6100232C710009
:10036000232E8100232091022322A1022324B10203
:100370002326C1022328D102232AE102232CF102E1
:10038000232E0103232011052322210523243105D7
:100390002326410523285105232A6105232C7105B5
:1003A000232E8105232091072322A1072324B107AF
:1003B0002326C1072328D107232AE107232CF1078D
:1003C000EF0090326F004055130101F82320110017
:1003D0002322210023243100232641002328510019
:1003E000232A6100232C7100232E810023209102F7
:1003F0002322A1022324B1022326C1022328D102F1
:10040000232AE102232CF102232E010323201105CC
:1004100023222105232431052326410523285105C4
:10042000232A6105232C7105232E810523209107A2
:100430002322A1072324B1072326C1072328D1079C
:10044000232AE107232CF107EF70C05A6F00C04C3C
:10045000130101F82320110023222100232431005D
:100460002326410023285100232A6100232C7100F8
:10047000232E8100232091022322A1022324B102F2
:100480002326C1022328D102232AE102232CF102D0
:10049000232E0103232011052322210523243105C6
:1004A0002326410523285105232A6105232C7105A4
:1004B000232E8105232091072322A1072324B1079E
:1004C0002326C1072328D107232AE107232CF1077C
:1004D000EF70C0546F004044130101F82320110055
:1004E0002322210023243100232641002328510008
:1004F000232A6100232C7100232E810023209102E6
:100500002322A1022324B1022326C1022328D102DF
:10051000232AE102232CF102232E010323201105BB
:1005200023222105232431052326410523285105B3
:10053000232A6105232C7105232E81052320910791
:100540002322A1072324B1072326C1072328D1078B
:10055000232AE107232CF107EF70404F6F00C03BC7
:10056000130101F82320110023222100232431004C
:100570002326410023285100232A6100232C7100E7
:10058000232E8100232091022322A1022324B102E1
:100590002326C1022328D102232AE102232CF102BF
:1005A000232E0103232011052322210523243105B5
:1005B0002326410523285105232A6105232C710593
:1005C000232E8105232091072322A1072324B1078D
:1005D0002326C1072328D107232AE107232CF1076B
:1005E000EF7040496F004033130101F823201100E0
:1005F00023222100232431002326410023285100F7
:10060000232A6100232C7100232E810023209102D4
:100610002322A1022324B1022326C1022328D102CE
:10062000232AE102232CF102232E010323201105AA
:1006300023222105232431052326410523285105A2
:10064000232A6105232C7105232E81052320910780
:100650002322A1072324B1072326C1072328D1077A
:10066000232AE107232CF107EF7040436F00C02AD3
:10067000130101F82320110023222100232431003B
:100680002326410023285100232A6100232C7100D6
:10069000232E8100232091022322A1022324B102D0
:1006A0002326C1022328D102232AE102232CF102AE
:1006B000232E0103232011052322210523243105A4
:1006C0002326410523285105232A6105232C710582
:1006D000232E8105232091072322A1072324B1077C
:1006E0002326C1072328D107232AE107232CF1075A
:1006F000EF00D0046F004022130101F82320110005
:1007000023222100232431002326410023285100E5
:10071000232A6100232C7100232E810023209102C3
:100720002322A1022324B1022326C1022328D102BD
:10073000232AE102232CF102232E01032320110599
:100740002322210523243105232641052328510591
:10075000232A6105232C7105232E8105232091076F
:100760002322A1072324B1072326C1072328D10769
:10077000232AE107232CF107EF00807A6F00C019CC
:10078000130101F82320110023222100232431002A
:100790002326410023285100232A6100232C7100C5
:1007A000232E8100232091022322A1022324B102BF
:1007B0002326C1022328D102232AE102232CF1029D
:1007C000232E010323201105232221052324310593
:1007D0002326410523285105232A6105232C710571
:1007E000232E8105232091072322A1072324B1076B
:1007F0002326C1072328D107232AE107232CF10749
:10080000EF0000776F004011130101F82320110061
:1008100023222100232431002326410023285100D4
:10082000232A6100232C7100232E810023209102B2
:100830002322A1022324B1022326C1022328D102AC
:10084000232AE102232CF102232E01032320110588
:100850002322210523243105232641052328510580
:10086000232A6105232C7105232E8105232091075E
:100870002322A1072324B1072326C1072328D10758
:10088000232AE107232CF107EF0040706F00C00816
:10089000130101F823201100232221002324310019
:1008A0002326410023285100232A6100232C7100B4
:1008B000232E8100232091022322A1022324B102AE
:1008C0002326C1022328D102232AE102232CF1028C
:1008D000232E010323201105232221052324310582
:1008E0002326410523285105232A6105232C710560
:1008F000232E8105232091072322A1072324B1075A
:100900002326C1072328D107232AE107232CF10737
:10091000EF0080696F004000832001000321410047
:10092000832181000322C1008322010103234101AD
:10093000832381010324C101832401020325410291
:10094000832581020326C102832601030327410375
:10095000832781030328C103832801040329410459
:1009600083298104032AC104832A0105032B41053D
:10097000832B8105032CC105832C0106032D410621
:10098000832D8106032EC106832E0107032F410705
:10099000832F81071301010873002030000000003D
:1009A000735000307350403097F0FFFF93808065A4
:1009B000B7C200029382C2FF23A00200F3221030CC
:1009C00093F2120063960202F322503093F2320047
:1009D00013031000639E6200F322503093F2C2FFB3
:1009E00017F3FFFF13034362639862046F00000173
:1009F00097F2FFFF938242617390523017B7000065
:100A00001307476697B700009387C76517B80000BC
:100A1000130848676308F700638607019700000022
:100A2000E780400997C100009381C1E3EF00000116
:100A30001381015D6F0080437300100093820000FA
:100A40009387018D1388019D63840701EF004004A3
:100A5000938701881388018D638C0701EF004003A1
:100A60009387019D138801DD63840701EF00400235
:100A70001387018293870182138801886306F70038
:100A800063840701EF00C0029380020067800000CA
:100A90006364F804B368F80093F83800634E1003F9
:100AA00023A0070093874700E3CC07FF678000007F
:100AB0006364F802B368F80093F83800634E1001DD
:100AC0008328070023A017019387470013074700D7
:100AD000E3C807FF6F0080006F0000006780000020
:100AE000130101FF2326810013040101B7670000F1
:100AF00003A70702B76700001377D7FF23A0E70219
:100B0000130000000324C1001301010167800000ED
:100B1000130101FD23261102232481021304010382
:100B200093070008F3B747302326F4FEB7C7000247
:100B3000938787FF83A707002320F4FE232204FE68
:100B40006F00C0059387818803A8470083A707002B
:100B5000138701888325070003264700B386B70063
:100B6000138506003335F5003307C800B307E500E9
:100B700013870700938706001308070013878188EF
:100B80002320F700232207019387018983A7070009
:100B9000138717009387018923A0E700832704FEAA
:100BA000032844FE9305500013060000B386B700E7
:100BB000138506003335F5003307C800B307E50099
:100BC000138707009387818803A8470083A707003E
:100BD0009305070013060800E366B6F693050700C1
:100BE000130608006396C50013870600E3ECE7F4DC
:100BF000B7470002938747001307F0FF23A0E700E1
:100C00009387818803A8470083A70700374700021E
:100C10002320F7009387818803A8470083A7070054
:100C20001353080093030000B7470002938747005F
:100C30001307030023A0E700EF00802793070008B5
:100C4000F3A74730232EF4FC130000008320C102D9
:100C5000032481021301010367800000130101FFD7
:100C6000232611002324810013040101EF60105694
:100C7000EFF01FE7130000008320C1000324810070
:100C80001301010167800000130101FC232E1102F2
:100C9000232C81021304010493070500A307F4FC2D
:100CA000F32740F12326F4FE8327C4FE2320F4FE1D
:100CB000232204FE0347F4FC9307F00163F4E700EA
:100CC000730010000347F4FC9307F00063E4E700AF
:100CD000730010008347F4FC938707FFA30FF4FC15
:100CE0008347F4FD17A700001307C78B93972700CE
:100CF000B307F70083A70700E78007001300000091
:100D00008320C103032481031301010467800000D1
:100D1000130101FA232E1104232C8104130401066C
:100D20002326A4FA2324B4FA0327C4FA930707005E
:100D3000130800003707008033F7E7002324E4FEA0
:100D4000937708002326F4FE832784FE0327C4FE3E
:100D5000B3E7E7006380070A0327C4FAB7070080F8
:100D600093C707FFB377F700638607020327C4FA28
:100D7000B707008093C707FEB377F700639C0700AF
:100D80008327C4FA93F7F70F13850700EFF0DFEF1F
:100D90006F00800C0327C4FAB707008093C7F7FFE2
:100DA0003377F7009307B0006316F700EF000012E7
:100DB0006F00800A0327C4FAB707008093C7F7FFC4
:100DC0003377F700930730006316F700EFF01FE961
:100DD0006F0080080327C4FAB707008093C7F7FFA6
:100DE0003377F700930770006318F706EFF05FD2D0
:100DF0006F008006F32740342322F4FE832744FE4D
:100E00002320F4FEF3273034232EF4FC8327C4FD83
:100E1000232CF4FCF3275030232AF4FC832744FDD1
:100E20002328F4FCF32700342326F4FC8327C4FC96
:100E30002324F4FCF32700302322F4FC832744FC12
:100E40002320F4FCF3271034232EF4FA8327C4FB69
:100E5000232CF4FA73001000130000008320C10556
:100E6000032481051301010667800000130101FFBF
:100E7000232611002324810013040101EF60904414
:100E8000130000008320C10003248100130101012D
:100E900067800000130101FF232681001304010174
:100EA000130000000324C10013010101678000004A
:100EB000130101FF23268100130401011300000028
:100EC0000324C1001301010167800000130101FF29
:100ED0002326810013040101130000000324C10034
:100EE0001301010167800000130101FF2326810027
:100EF00013040101130000000324C10013010101C8
:100F000067800000130101FF232681001304010103
:100F1000130000000324C1001301010167800000D9
:100F2000130101FF232681001304010113000000B7
:100F30000324C1001301010167800000130101FFB8
:100F40002326810013040101130000000324C100C3
:100F50001301010167800000130101FF2326110026
:100F600023248100130401011305A000EF00800574
:100F7000130101FF23268100130401011300000067
:100F80000324C1001301010167800000130101FF68
:100F90002326810013040101130000000324C10073
:100FA0001301010167800000130101FF2326810066
:100FB00013040101130000000324C1001301010107
:100FC00067800000130101FE232E8100130401023B
:100FD0002326A4FE6F000000130101FD23268102D9
:100FE00013040103232EA4FC232604FE138701DD32
:100FF0009387019D63E4E7007300100097B700003A
:101000009387470603A707008327C4FD3307F7002C
:101010009387019D6360F70297B700009387870469
:1010200003A707008327C4FD3307F700938701DD7B
:1010300063FEE700938741891307C00023A0E70000
:101040009307F0FF2326F4FE6F00000497B700001B
:101050009387470103A707008327C4FD3307F700E1
:1010600097B700009387070023A0E70097B7000019
:10107000938747FF03A707008327C4FDB307F0400A
:10108000B307F7002326F4FE97B70000938787FD88
:1010900003A70700938701DD63F4E70073001000E6
:1010A0008327C4FE138507000324C1021301010333
:1010B00067800000130101FE232E8100130401024A
:1010C000F36704302326F4FE130000000324C1015B
:1010D0001301010267800000130101FE232E81002D
:1010E0001304010293070008F3B707302326F4FE28
:1010F000F37704302324F4FE130000000324C1011D
:101100001301010267800000130101FF2326110073
:101110002324810013040101EFF0DFF91300000024
:101120008320C100032481001301010167800000B6
:10113000130101FE232E1100232C81001304010250
:10114000F32700302326F4FE8327C4FE2324F4FE75
:10115000EFF09FF8832784FE138507008320C101E9
:10116000032481011301010267800000130101FEC5
:10117000232E8100130401022326A4FE8327C4FE2C
:1011800073900730130000000324C1011301010212
:10119000678000002320B50067800000032505005C
:1011A00067800000138E0600331EBE00337ECE0023
:1011B000032305009303060093C3F3FF3373730007
:1011C0003363C30123206500678000000325050009
:1011D0003375C5003355B500678000002310B50096
:1011E000678000000315050067800000138E06006D
:1011F000331EBE00337ECE000313050093030600AA
:1012000093C3F3FF337373003363C301231065008B
:1012100067800000031505003375C5003355B50020
:10122000678000002300B50067800000030505000B
:1012300067800000138E0600331EBE00337ECE0092
:10124000030305009303060093C3F3FF3373730096
:101250003363C301230065006780000003050500B8
:101260003375C5003355B50067800000130101FFD9
:101270002326810013040101B71708619387C7046F
:101280001307F00223A0E700B70709629387071945
:1012900023A00700B717086093878706130740400D
:1012A00023A0E700B7170860938787083707130361
:1012B0001307773423A0E700B71708619387470027
:1012C000371715011307273223A0E700B717086166
:1012D00093878700371700001307A7F223A0E700C2
:1012E000B71708619387C70037070C001307F72467
:1012F00023A0E700B7170861938707011307A0022F
:1013000023A0E700B71708619387470123A00700D0
:10131000B71708619387870137570000130707F055
:1013200023A0E700B71708619387070223A00700EF
:10133000B7170861938747023707000C1307670048
:1013400023A0E700B71708619387870223A007004F
:10135000B71708619387C7021307600023A0E7004F
:10136000B7170861938707031307700B23A0E700E3
:10137000B71708619387470337870000130717F4EF
:1013800023A0E700B717086193878703372700007A
:101390001307873E23A0E700B71708619387C703A9
:1013A0003707E1001307C70023A0E700B71708615C
:1013B0009387070437C700001307874223A0E7007D
:1013C000B7170861938787041307C00323A0E700BA
:1013D000B7170861938707051307200123A0E700CB
:1013E000B71708619387070D37073FFF130757713A
:1013F00023A0E700B71708619387470D375701010E
:101400001307D79123A0E700B71708619387870DCB
:10141000370740001307070123A0E700B71708614B
:101420009387C70D23A00700B71708619387070CA0
:1014300023A00700B71708619387070E23A00700B2
:10144000B71708619387C7041307C00323A0E700F9
:10145000130000000324C100130101016780000094
:10146000130101FD23261102232481021304010329
:1014700093070500A30FF4FCA30704FEB717086148
:101480009387C7041307F00223A0E700B71708618A
:101490009387070E23A007000347F4FD930720005E
:1014A000631EF704B70702689387C70023A00700ED
:1014B000B7070268938707013717000113070780F2
:1014C00023A0E700B70702689387470213071000BD
:1014D00023A0E700B70702689387C702130700023B
:1014E00023A0E700B7170861938707043787000038
:1014F0001307072523A0E7006F00001A0347F4FD38
:1015000093073000631AF704B70702689387C70090
:1015100023A00700B7070268938707013717000168
:1015200023A0E700B707026893874702130710005C
:1015300023A0E700B70702689387C70213070002DA
:1015400023A0E700B71708619387070413078022D9
:1015500023A0E7006F0040140347F4FD9307400009
:10156000631EF704B70702689387C70023A007002C
:10157000B707026893870701372700011307071091
:1015800023A0E700B70702689387470213071000FC
:1015900023A0E700B70702689387C702130710026A
:1015A00023A0E700B71708619387070437C7000037
:1015B0001307472123A0E7006F00000E0347F4FD47
:1015C000930750006312F706B70702689387C700B6
:1015D0001307300023A0E700B707026893870701CD
:1015E000374700011307073023A0E700B707026859
:1015F000938747023777F11F130717B023A0E7003F
:10160000B70702689387C7021307100223A0E700F9
:10161000B71708619387070437E7000013074741AE
:1016200023A0E7006F0040070347F4FD9307600025
:101630006314F706B71708619387070E3707200072
:1016400023A0E700B70702689387C70023A007001D
:10165000B707026893870701372700011307075070
:1016600023A0E700B707026893874702130710001B
:1016700023A0E700B70702689387C7021307500249
:1016800023A0E700B71708619387070437270000F6
:101690001307472123A0E700B71708619387C70402
:1016A0001307C00323A0E7000347F4FD93072000BE
:1016B0006310F70213052000EF0040168347F4FD86
:1016C00013850700EF00400293070500A307F4FE0F
:1016D0008347F4FE138507008320C102032481029F
:1016E0001301010367800000130101FD232611028D
:1016F000232481021304010393070500A30FF4FCC4
:10170000A30704FE0347F4FD930720006316F700C8
:10171000B70704006F008000B70710002324F4FE11
:10172000130610009305500013854196EF50901654
:1017300013051000EF00800E130600009305500003
:1017400013854196EF50101513052000EF00000D92
:10175000B71708619387071083A707002322F4FEB9
:10176000032744FE832784FEB377F70063860700D0
:10177000930710006F0000028347F4FE9387170061
:10178000A307F4FE0347F4FE93073001E3FEE7FAF4
:1017900093070000138507008320C1020324810200
:1017A0001301010367800000130101FE232E810055
:1017B0001304010293070500A307F4FE8347F4FE18
:1017C00093F7F70013F7F70F938781892380E700DA
:1017D000130000000324C10113010102678000000F
:1017E000130101FE232E810013040102930705005B
:1017F000A307F4FE8347F4FE93F7370013F7F70FC0
:1018000097B70000938747862380E7001300000006
:101810000324C1011301010267800000130101FDCF
:101820002326810213040103232EA4FC232604FE95
:101830006F004003232404FE6F000001832784FE11
:10184000938717002324F4FE032784FEB7C7000004
:101850009387F734E3F4E7FE8327C4FE93871700EA
:101860002326F4FE0327C4FE8327C4FDE364F7FCAC
:10187000130000000324C10213010103678000006C
:10188000130101FD23261102232481021304010305
:10189000232EA4FC93050000B707007313854700AF
:1018A000EF50902D8327C4FD13F7F70F938781899D
:1018B00083C7070093969700B7270000938707E038
:1018C000B3F7F6003367F70097A700009387C7794F
:1018D00083C707009396D700B7670000B3F7F600F9
:1018E0003367F7009387918983C707009396F700C2
:1018F000B70701009387F7FFB3F7F600B367F70068
:101900002326F4FE8325C4FEB707007313858700E2
:10191000EF5090260325C4FDEF00404A93053000A8
:10192000B707007313854700EF5010251300000020
:101930008320C10203248102130101036780000098
:10194000130101FE232E8100130401022326A4FEAD
:101950008327C4FE9387C7FF130700086368F70453
:1019600013972700979700009387C7C7B307F7001F
:1019700003A70700979700009387C7C6B307F70030
:1019800067800700930700006F0080029307100034
:101990006F000002930720006F0080019307300062
:1019A0006F000001930740006F0080009307300034
:1019B000138507000324C1011301010267800000A1
:1019C000130101FB2326810413040105930705007D
:1019D000A30FF4FAB7070961938707012326F4FEE2
:1019E000B7070961938747012324F4FEB70709610C
:1019F000938787012322F4FEB70709619387C70104
:101A00002320F4FEB707096193870702232EF4FC15
:101A1000B707096193874702232CF4FCB7070961D4
:101A200093878702232AF4FCB70709619387C702CB
:101A30002328F4FCB7070961938707032326F4FCE6
:101A4000B7070961938787032324F4FC8347F4FBDA
:101A500013074000636CF734139727009797000033
:101A6000938787D8B307F70003A70700979700006D
:101A7000938787D7B307F700678007008327C4FEE3
:101A8000370728001307F70023A0E700832784FE09
:101A900037175D021307677423A0E700832744FE0E
:101AA0003707F8001307D70523A0E700832704FEB4
:101AB0001307007D23A0E7008327C4FD3707040038
:101AC0001307E72E23A0E700832784FD3707B40917
:101AD0001307970123A0E700832744FD37E7A707F3
:101AE0001307076923A0E700832704FD37070101D7
:101AF0001307974023A0E7008327C4FC376712072A
:101B00001307776923A0E700832784FC37071800B1
:101B10001307870223A0E7006F0040298327C4FE34
:101B2000370728001307F70023A0E700832784FE68
:101B300037175D021307677423A0E700832744FE6D
:101B4000370700011307070323A0E700832704FEDC
:101B5000371700001307578523A0E7008327C4FD2C
:101B6000370702001307071923A0E700832784FD26
:101B70003707AD091307970123A0E700832744FD2A
:101B800037E7AB071307076923A0E700832704FDA6
:101B9000370701011307974023A0E7008327C4FC00
:101BA000379712071307376723A0E700832784FCC2
:101BB000370718001307870223A0E7006F00001FF4
:101BC0008327C4FE370728001307F70023A0E70088
:101BD000832784FE37175D021307677423A0E7008D
:101BE000832744FE370700011307870123A0E7007E
:101BF000832704FE371700001307B70A23A0E70066
:101C00008327C4FD370702001307071923A0E70045
:101C1000832784FD3707AD091307970123A0E70049
:101C2000832744FD37E7AB071307076923A0E700C5
:101C3000832704FD370701011307974023A0E7001E
:101C40008327C4FC379712071307376723A0E700E1
:101C5000832784FC370718001307870223A0E700B7
:101C60006F00C0148327C4FE370728001307F7004E
:101C700023A0E700832784FE37175D0213076774EC
:101C800023A0E700832744FE370700011307C7009E
:101C900023A0E700832704FE37270000130757150A
:101CA00023A0E7008327C4FD3707020013070719A5
:101CB00023A0E700832784FD3707AD0913079701A9
:101CC00023A0E700832744FD37E7AB071307076925
:101CD00023A0E700832704FD37070101130797407E
:101CE00023A0E7008327C4FC379712071307376741
:101CF00023A0E700832784FC370718001307870217
:101D000023A0E7006F00800A8327C4FE3707240062
:101D10001307F70023A0E700832784FE37175D0130
:101D20001307677423A0E700832744FE37074001A9
:101D30001307C70023A0E700832704FE37370000FE
:101D40001307B79A23A0E7008327C4FD37070200D3
:101D50001307071923A0E700832784FD3707AD0980
:101D60001307970123A0E700832744FD37E7B10756
:101D70001307C76823A0E700832704FD3707010185
:101D80001307974023A0E7008327C4FC37071607F3
:101D90001307175323A0E700832784FC3707180095
:101DA0001307470223A0E700130000001300000000
:101DB0000324C1041301010567800000130101FD24
:101DC000232611022324810213040103232EA4FCE1
:101DD0000325C4FDEFF0DFB6930705002307F4FEEB
:101DE000B7170861938787071307300023A0E70020
:101DF0009387818903C7070093072000630AF700D0
:101E00009387818903C70700930710006316F700C3
:101E1000930710006F00800093070000A306F4FEF4
:101E20008347D4FE638A07048347E4FE1307200038
:101E30006380E702130730006382E7021307100094
:101E40006394E70293070007A307F4FE6F00400ABC
:101E500093071007A307F4FE6F008009930730076C
:101E6000A307F4FE6F00C00893075007A307F4FE12
:101E7000130000006F00C0078347E4FE1307400013
:101E80006362F706139727009797000093870797D9
:101E9000B307F70003A707009797000093870796FB
:101EA000B307F7006780070093070007A307F4FE56
:101EB0006F00000493071007A307F4FE6F004003B0
:101EC00093073007A307F4FE6F00800293075007C3
:101ED000A307F4FE6F00C00193073007A307F4FEC9
:101EE0006F00000193075007A307F4FE13000000E2
:101EF000B7170861938747070347F4FE23A0E7005D
:101F00008347E4FE13850700EFF09FABB717086126
:101F1000938787071307100023A0E7001300000032
:101F20008320C102032481021301010367800000A2
:101F3000130101FD2326110223248102130401034E
:101F4000232804FC232A04FC232C04FC232E04FC59
:101F5000232004FE232204FE232404FE930704FD11
:101F600013850700EF10001B832704FD2307F4FEF1
:101F70000347E4FE930710006318F700930730004F
:101F8000A307F4FE6F0040020347E4FE930730000E
:101F90006318F70093071000A307F4FE6F00C0005A
:101FA0008347E4FEA307F4FE8347F4FE938507000E
:101FB000B707007313850701EF50003C832744FDEA
:101FC00093850700B707007313854701EF50C03AA8
:101FD000832784FD93850700B70700731385870166
:101FE000EF5080398327C4FD93850700B70700733E
:101FF0001385C701EF504038832704FE93850700FF
:10200000B707007313850702EF500037832744FE9C
:1020100093850700B707007313854702EF50C0355B
:10202000832784FE93850700B70700731385870213
:10203000EF508034130000008320C102032481028A
:102040001301010367800000130101FE232E11001C
:10205000232C810013040102232404FE232204FE06
:10206000232004FEB707007213850701EF50402EAE
:102070002324A4FE832784FE2322F4FE032744FEA8
:10208000B72700009387077163E6E7009307000016
:102090006F008005B707007213850702EF50402BD1
:1020A0002320A4FE032704FE930710006310F70209
:1020B000832744FE9305A00F13850700EF70404E61
:1020C000930705002326F4FE6F00C001832744FE1A
:1020D0009305803E13850700EF70804C9307050041
:1020E0002326F4FE8327C4FE138507008320C10145
:1020F000032481011301010267800000130101FE26
:10210000232E1100232C8100130401022326A4FE98
:10211000B71710619387C7041307300323A0E700A4
:10212000B72710619387C7041307300323A0E70084
:10213000B74710619387C7041307300323A0E70054
:10214000B78710619387C7041307300323A0E70004
:102150008325C4FE37151001EF0000088325C4FE57
:1021600037251001EF0040078325C4FE37451001D5
:10217000EF008006B71710619387C70413070003A9
:1021800023A0E700B72710619387C7041307000354
:1021900023A0E700B74710619387C7041307000324
:1021A00023A0E700B78710619387C70413070003D4
:1021B00023A0E70093051000B7070072138587017D
:1021C000EF50801B130000008320C1010324810114
:1021D0001301010267800000130101FD2326810223
:1021E00013040103232EA4FC232CB4FC9307400109
:1021F0002326F4FEB7170000138747738327C4FE16
:10220000B307F740032784FD6360F7140327C4FE78
:10221000B717000093874773B307F700032784FDC0
:1022200063E4E712B70780689387870013070010FD
:1022300023A0E700B70780689387C70023A00700A3
:10224000B7078068938707013717000113070780D6
:1022500023A0E700B70780689387470213071000A1
:1022600023A0E700B70780689387C702130700021F
:1022700023A0E7000327C4FDB7070060938787000A
:10228000B307F700138707009307A0022320F70086
:102290000327C4FDB70700609387C700B307F700A3
:1022A00013870700B70704009387F7242320F7005C
:1022B0000327C4FDB707006093870701B307F70042
:1022C000138707009307A0022320F7000327C4FD0C
:1022D000B707006093874702B307F700138707002B
:1022E000B7070004938727002320F7000327C4FDC6
:1022F000B70700609387C702B307F700138707008B
:10230000930720002320F7000327C4FDB7070060D0
:1023100093870704B307F70013870700930780220A
:102320002320F7000327C4FDB70700609387470DFC
:10233000B307F70013870700B75701019387D791B9
:102340002320F7006F001052B7170000138777168D
:102350008327C4FEB307F740032784FD6360F714A7
:102360000327C4FEB717000093877716B307F7005B
:10237000032784FD63E4E712B7078068938787002B
:102380001307001023A0E700B70780689387C700F2
:1023900023A00700B707806893870701371700015C
:1023A0001307078023A0E700B707806893874702D9
:1023B0001307100023A0E700B70780689387C702C0
:1023C0001307000223A0E7000327C4FDB70700603E
:1023D00093878700B307F70013870700930750011F
:1023E0002320F7000327C4FDB70700609387C700C9
:1023F000B307F70013870700B70704009387F714A4
:102400002320F7000327C4FDB70700609387070167
:10241000B307F70013870700930750012320F70045
:102420000327C4FDB707006093874702B307F7008F
:1024300013870700B7070004938717002320F700CE
:102440000327C4FDB70700609387C702B307F700EF
:1024500013870700930710002320F7000327C4FD0C
:10246000B707006093870704B307F70013870700D7
:102470009307E0212320F7000327C4FDB70700607E
:102480009387470DB307F70013870700B75701017C
:102490009387D7912320F7006F00D03CB717000037
:1024A000138707E88327C4FEB307F740032784FD9B
:1024B0006360F7140327C4FEB7170000938707E88B
:1024C000B307F700032784FD63E4E712B7078068CA
:1024D000938787001307001023A0E700B7078068E1
:1024E0009387C70023A00700B70780689387070179
:1024F000371700011307078023A0E700B70780689C
:10250000938747021307100023A0E700B7078068EE
:102510009387C7021307000223A0E7000327C4FD27
:10252000B707006093878700B307F700138707009A
:10253000930750012320F7000327C4FDB70700606D
:102540009387C700B307F70013870700B707040096
:102550009387F7142320F7000327C4FDB707006013
:1025600093870701B307F70013870700930750010C
:102570002320F7000327C4FDB707006093874702B5
:10258000B307F70013870700B70700049387170006
:102590002320F7000327C4FDB70700609387C70215
:1025A000B307F70013870700930710002320F700F5
:1025B0000327C4FDB707006093870704B307F7003C
:1025C00013870700930790212320F7000327C4FDFA
:1025D000B70700609387470DB307F700138707001D
:1025E000B75701019387D7912320F7006F009027F9
:1025F000B71700001387A7B98327C4FEB307F740B6
:10260000032784FD6362F7140327C4FEB717000095
:102610009387A7B9B307F700032784FD63E6E712A2
:10262000B7078068938787001307001023A0E7008F
:10263000B70780689387C70023A00700B7078068A3
:1026400093870701371700011307078023A0E700CE
:10265000B7078068938747021307100023A0E7009D
:10266000B70780689387C7021307000223A0E7001B
:102670000327C4FDB707006093878700B307F700FF
:1026800013870700930750012320F7000327C4FD99
:10269000B70700609387C700B307F70013870700E9
:1026A000B70704009387F7142320F7000327C4FD1E
:1026B000B707006093870701B307F7001387070088
:1026C000930750012320F7000327C4FDB7070060DC
:1026D00093874702B307F70013870700B707000483
:1026E000938717002320F7000327C4FDB707006076
:1026F0009387C702B307F7001387070093071000FB
:102700002320F7000327C4FDB70700609387070461
:10271000B307F70013870700B72700009387472107
:102720002320F7000327C4FDB70700609387470DF8
:10273000B307F70013870700B75701019387D791B5
:102740002320F7006F001012B71700001387378B94
:102750008327C4FEB307F740032784FD6362F714A1
:102760000327C4FEB71700009387378BB307F70022
:10277000032784FD63E6E712B70780689387870025
:102780001307001023A0E700B70780689387C700EE
:1027900023A00700B7078068938707013717000158
:1027A0001307078023A0E700B707806893874702D5
:1027B0001307100023A0E700B70780689387C702BC
:1027C0001307000223A0E7000327C4FDB70700603A
:1027D00093878700B307F70013870700930750011B
:1027E0002320F7000327C4FDB70700609387C700C5
:1027F000B307F70013870700B70704009387F714A0
:102800002320F7000327C4FDB70700609387070163
:10281000B307F70013870700930750012320F70041
:102820000327C4FDB707006093874702B307F7008B
:1028300013870700B7070004938717002320F700CA
:102840000327C4FDB70700609387C702B307F700EB
:1028500013870700930710002320F7000327C4FD08
:10286000B707006093870704B307F70013870700D3
:10287000B72700009387E7412320F7000327C4FD13
:10288000B70700609387470DB307F700138707006A
:10289000B75701019387D7912320F7006F00807C01
:1028A000130700748327C4FEB307F740032784FD92
:1028B000636CF7128327C4FE93870774032784FD94
:1028C00063E4E712B7078068938787001307001057
:1028D00023A0E700B70780689387C70023A00700FD
:1028E000B7078068938707013717000123A0E70027
:1028F000B7078068938747021307100023A0E700FB
:10290000B70780689387C7021307000223A0E70078
:102910000327C4FDB707006093878700B307F7005C
:1029200013870700930750012320F7000327C4FDF6
:10293000B70700609387C700B307F7001387070046
:10294000B70704009387F7142320F7000327C4FD7B
:10295000B707006093870701B307F70013870700E5
:10296000930750012320F7000327C4FDB707006039
:1029700093874702B307F70013870700B7070004E0
:10298000938717002320F7000327C4FDB7070060D3
:102990009387C702B307F700138707009307100058
:1029A0002320F7000327C4FDB707006093870704BF
:1029B000B307F70013870700B72700009387972115
:1029C0002320F7000327C4FDB70700609387470D56
:1029D000B307F70013870700B75701019387D79113
:1029E0002320F7006F0000681307D05C8327C4FE24
:1029F000B307F740032784FD636EF7128327C4FEF5
:102A00009387D75C032784FD63E6E712B7078068E6
:102A1000938787001307001023A0E700B70780689B
:102A20009387C70023A00700B70780689387070133
:102A3000371700011307078023A0E700B707806856
:102A4000938747021307100023A0E700B7078068A9
:102A50009387C7021307000223A0E7000327C4FDE2
:102A6000B707006093878700B307F7001387070055
:102A7000930750012320F7000327C4FDB707006028
:102A80009387C700B307F70013870700B707040051
:102A90009387F7142320F7000327C4FDB7070060CE
:102AA00093870701B307F7001387070093075001C7
:102AB0002320F7000327C4FDB70700609387470270
:102AC000B307F70013870700B707000493871700C1
:102AD0002320F7000327C4FDB70700609387C702D0
:102AE000B307F70013870700930710002320F700B0
:102AF0000327C4FDB707006093870704B307F700F7
:102B000013870700B7470000938747412320F7004A
:102B10000327C4FDB70700609387470DB307F7008D
:102B200013870700B75701019387D7812320F70048
:102B30006F004053130790458327C4FEB307F74047
:102B4000032784FD636CF7128327C4FE93879745A0
:102B5000032784FD63E4E712B70780689387870043
:102B60001307001023A0E700B70780689387C7000A
:102B700023A00700B7078068938707013717000174
:102B800023A0E700B7078068938747021307100068
:102B900023A0E700B70780689387C70213070002E6
:102BA00023A0E7000327C4FDB707006093878700D1
:102BB000B307F70013870700930750012320F7009E
:102BC0000327C4FDB70700609387C700B307F7006A
:102BD00013870700B70704009387F7142320F70033
:102BE0000327C4FDB707006093870701B307F70009
:102BF00013870700930750012320F7000327C4FD24
:102C0000B707006093874702B307F70013870700F1
:102C1000B7070004938717002320F7000327C4FD9C
:102C2000B70700609387C702B307F7001387070051
:102C3000930710002320F7000327C4FDB7070060A7
:102C400093870704B307F70013870700B74700000F
:102C50009387E7412320F7000327C4FDB7070060EF
:102C60009387470DB307F70013870700B757010194
:102C70009387D7812320F7006F00C03E1307003AE7
:102C80008327C4FEB307F740032784FD6360F7146E
:102C90008327C4FE9387073A032784FD63E8E7127E
:102CA000B7078068938787001307001023A0E70009
:102CB000B70780689387C7001307300023A0E70099
:102CC000B7078068938707013717000123A0E70043
:102CD000B7078068938747023757951B130717700C
:102CE00023A0E700B70780689387C7021307000295
:102CF00023A0E7000327C4FDB70700609387870080
:102D0000B307F70013870700930750012320F7004C
:102D10000327C4FDB70700609387C700B307F70018
:102D200013870700B70704009387F7142320F700E1
:102D30000327C4FDB707006093870701B307F700B7
:102D400013870700930750012320F7000327C4FDD2
:102D5000B707006093874702B307F70013870700A0
:102D6000B7070004938717002320F7000327C4FD4B
:102D7000B70700609387C702B307F7001387070000
:102D8000930710002320F7000327C4FDB707006056
:102D900093870704B307F70013870700B7470000BE
:102DA0009387F7512320F7000327C4FDB70700607E
:102DB0009387470DB307F70013870700B757010143
:102DC0009387D7812320F7006F00C0291307602E57
:102DD0008327C4FEB307F740032784FD636EF71211
:102DE0008327C4FE9387672E032784FD63E6E712DB
:102DF000B7078068938787001307001023A0E700B8
:102E0000B70780689387C70023A00700B7078068CB
:102E100093870701371700011307078023A0E700F6
:102E2000B7078068938747021307100023A0E700C5
:102E3000B70780689387C7021307000223A0E70043
:102E40000327C4FDB707006093878700B307F70027
:102E500013870700930750012320F7000327C4FDC1
:102E6000B70700609387C700B307F7001387070011
:102E7000B70704009387F7142320F7000327C4FD46
:102E8000B707006093870701B307F70013870700B0
:102E9000930750012320F7000327C4FDB707006004
:102EA00093874702B307F70013870700B7070004AB
:102EB000938717002320F7000327C4FDB70700609E
:102EC0009387C702B307F700138707009307100023
:102ED0002320F7000327C4FDB7070060938707048A
:102EE000B307F70013870700B77700009387478180
:102EF0002320F7000327C4FDB70700609387470D21
:102F0000B307F70013870700B75701019387D781ED
:102F10002320F7006F0000151307C0218327C4FE8C
:102F2000B307F740032784FD636EF7128327C4FEBF
:102F30009387C721032784FD63E6E712B7078068FC
:102F4000938787001307001023A0E700B707806866
:102F50009387C70023A00700B707806893870701FE
:102F6000371700011307078023A0E700B707806821
:102F7000938747021307100023A0E700B707806874
:102F80009387C7021307000223A0E7000327C4FDAD
:102F9000B707006093878700B307F7001387070020
:102FA000930750012320F7000327C4FDB7070060F3
:102FB0009387C700B307F70013870700B70704001C
:102FC0009387F7142320F7000327C4FDB707006099
:102FD00093870701B307F700138707009307500192
:102FE0002320F7000327C4FDB7070060938747023B
:102FF000B307F70013870700B7070004938717008C
:103000002320F7000327C4FDB70700609387C7029A
:10301000B307F70013870700930710002320F7007A
:103020000327C4FDB707006093870704B307F700C1
:1030300013870700B7F70000938747B12320F700F5
:103040000327C4FDB70700609387470DB307F70058
:1030500013870700B75701019387D7812320F70013
:103060006F004000130000000324C102130101039C
:1030700067800000130101FE232E8100130401026A
:1030800093070500A307F4FE0347F4FE93075000DF
:10309000631EF700B707046893870701371700011D
:1030A000130707A023A0E7006F00C0050347F4FE45
:1030B00093076000631EF700B70704689387070152
:1030C00037170001130707C023A0E7006F00800334
:1030D0000347F4FE93077000631CF700B70704680A
:1030E000938707013717000123A0E7006F008001D5
:1030F000B707046893870701371700011307078094
:1031000023A0E700130000000324C1011301010202
:1031100067800000130101FD232611022324810290
:103120002322910213040103232EA4FCB70700728B
:10313000938787032326F4FE232404FE6F00C00335
:10314000832784FE939727000327C4FDB304F70069
:103150000325C4FEEF40C01F9307050023A0F40021
:103160008327C4FE938747002326F4FE832784FE2B
:10317000938717002324F4FE032784FE930760003F
:10318000E3D0E7FC130000008320C1020324810286
:10319000832441021301010367800000130101FF32
:1031A000232611002324810013040101B7070072B4
:1031B00013854702EF40C0199307050093D75700C6
:1031C00093F7F70F93F7370093F7F70F138507007F
:1031D0008320C100032481001301010167800000E6
:1031E000130101FF23261100232481001304010190
:1031F000B707007213854703EF408015930705005A
:1032000093D7870093F7F70F93F7F70093F7F70F2C
:10321000138507008320C1000324810013010101ED
:1032200067800000130101FF232611002324810081
:1032300013040101B707007213854702EF404011E4
:103240009307050093D7870193F7F70F13850700BE
:103250008320C10003248100130101016780000065
:10326000130101FD232681021304010393070500C6
:10327000A30FF4FC232604FE6F0000041777000060
:10328000130707598327C4FE93972700B307F70056
:1032900003A70700B707006093878707B307F70006
:1032A000138707008347F4FD2320F7008327C4FE1C
:1032B000938717002326F4FE0327C4FE93073000EC
:1032C000E3DEE7FA130000000324C1021301010347
:1032D00067800000130101FD23268102130401030E
:1032E00093070500A30FF4FC232604FE6F000004DF
:1032F000177700001307C7518327C4FE9397270051
:10330000B307F70003A70700B707006093874707D5
:10331000B307F700138707008347F4FD2320F70066
:103320008327C4FE938717002326F4FE0327C4FED9
:1033300093073000E3DEE7FA130000000324C10224
:103340001301010367800000130101FE232E810099
:103350001304010293070500A307F4FE8347F4FE5C
:10336000130720016368F70613972700977700007B
:103370009387074BB307F70003A707009777000071
:103380009387074AB307F700678007009307100782
:103390006F008004930730076F0000049307500705
:1033A0006F008003930750076F00000393077007B7
:1033B0006F008002930710076F0000029307100749
:1033C0006F008001930750076F00000193075007BB
:1033D0006F00800093071007138507000324C101C5
:1033E0001301010267800000130101FE232E8100FA
:1033F000130401029307050013870600A307F4FED8
:10340000938705002307F4FE93070600A306F4FE46
:10341000930707002306F4FE8347D4FE6382070464
:103420000347E4FE93072000631CF7020347F4FE02
:103430009307D0056306F7020347F4FE93072006BF
:103440006300F7028347E4FE9397270013F7F70F13
:103450008347C4FEB307F70093F7F70F6F00C0026E
:103460008347D4FE639807000347C4FE93072000F8
:10347000631AF7008347E4FE9387170093F7F70F6B
:103480006F0080008347E4FE138507000324C10119
:103490001301010267800000130101FD2326810250
:1034A0001304010393070500938605001307060024
:1034B000A30FF4FC93870600230FF4FC9307070087
:1034C000A30EF4FC8347E4FD639807000347D4FD93
:1034D00093072000631AF70093071000A307F4FE78
:1034E0008347F4FE6F00C000A30704FE8347F4FE89
:1034F000138507000324C102130101036780000044
:10350000130101FD23261102232481021304010368
:103510009307050013870600A30FF4FC93870500AB
:10352000230FF4FC93070600A30EF4FC9307070097
:10353000230EF4FC13053000EFF09FD28346C4FD48
:103540000346D4FD0347E4FD8347F4FD93050700DC
:1035500013850700EFF05FE993070500A307F4FE6A
:103560008346C4FD0347D4FD8347E4FD138606006C
:103570009305070013850700EFF01FF2930705007E
:103580002307F4FE0347E4FE8347F4FE9305070098
:1035900013850700EF0080038347F4FE13850700BF
:1035A000EFF09FDA9307050013850700EFF09FD235
:1035B00013051000EFF0DFCA130000008320C102E2
:1035C000032481021301010367800000130101FE3F
:1035D000232E8100130401029307050013870500C1
:1035E000A307F4FE930707002307F4FEB707086854
:1035F00093870701371700011307078023A0E7000F
:103600000347F4FE93076000631CF70CB7071161D2
:10361000938707041307100023A0E700B707116181
:1036200093870701370714001307870023A0E700DB
:10363000B7071161938787013707FD0013077701EB
:1036400023A0E700B70711619387C7013717000070
:103650001307071323A0E700B70711619387070239
:10366000370702001307071923A0E700B707116106
:10367000938747023707CF081307970123A0E70076
:10368000B70711619387870237E719071307D769CF
:1036900023A0E700B70711619387C702370703012B
:1036A0001307874023A0E700B7071161938707033B
:1036B000374711071307471123A0E700B707116128
:1036C00093878703370718001307470123A0E700F4
:1036D000B70711619387070423A007006F00500507
:1036E0000347F4FE930750006312F70E0347E4FE0E
:1036F00093071000631CF70CB70711619387070449
:103700001307100023A0E700B70711619387070193
:10371000370714001307870023A0E700B7071161DC
:10372000938787013707FA001307970123A0E70063
:10373000B70711619387C70137170000130707FA0E
:1037400023A0E700B707116193870702370702003C
:103750001307071923A0E700B707116193874702F2
:103760003707CF081307970123A0E700B7071161B8
:103770009387870237E7CA071307E76923A0E700A3
:10378000B70711619387C702370700011307874006
:1037900023A0E700B70711619387070337271107B5
:1037A000130757B823A0E700B70711619387870372
:1037B000370718001307470123A0E700B707116177
:1037C0009387070423A007006F0080760347F4FE69
:1037D00093075000631CF70CB70711619387070428
:1037E0001307100023A0E700B707116193870701B3
:1037F000370714001307870023A0E700B7071161FC
:1038000093878701370704011307D70023A0E70038
:10381000B70711619387C70137270000130707F423
:1038200023A0E700B707116193870702370702005B
:103830001307071923A0E700B70711619387470211
:103840003707CF081307970123A0E700B7071161D7
:103850009387870237E763071307B76923A0E70059
:10386000B70711619387C702370701011307874024
:1038700023A0E700B70711619387070337C7110734
:10388000130767DC23A0E700B7071161938787035D
:10389000370718001307470123A0E700B707116196
:1038A0009387070423A007006F0080680347F4FE96
:1038B000930740006310F70E8347E4FE639C070CF8
:1038C000B7071161938707041307100023A0E700CF
:1038D000B707116193870701370728001307F7001F
:1038E00023A0E700B707116193878701370700011D
:1038F0001307870123A0E700B70711619387C7016A
:10390000371700001307B70A23A0E700B7071161B4
:1039100093870702370702001307071923A0E70060
:10392000B7071161938747023707AD09130797015E
:1039300023A0E700B70711619387870237E7AB073A
:103940001307076923A0E700B70711619387C70230
:10395000370701011307974023A0E700B70711615C
:1039600093870703379712071307376723A0E700EA
:10397000B70711619387870337071800130787027A
:1039800023A0E700B70711619387070423A007006E
:103990006F00005A0347F4FE93072000630EF70000
:1039A0000347F4FE930730006310F70E0347E4FE6D
:1039B00093071000631AF70CB70711619387070488
:1039C0001307100023A0E700B707116193870701D1
:1039D000370728001307F70023A0E700B707116196
:1039E000938787013707F8001307D70523A0E7005F
:1039F000B70711619387C7011307007D23A0E70074
:103A0000B707116193870702370704001307E72EF2
:103A100023A0E700B7071161938747023707B4096E
:103A20001307970123A0E700B70711619387870267
:103A300037E7A7071307076923A0E700B707116156
:103A40009387C702370701011307974023A0E700B8
:103A5000B707116193870703376712071307776961
:103A600023A0E700B7071161938787033707180082
:103A70001307870223A0E700B707116193870704A4
:103A800023A007006F00C04A0347F4FE93073000ED
:103A9000631CF70CB7071161938707041307100025
:103AA00023A0E700B70711619387070137072800B4
:103AB0001307F70023A0E700B70711619387870179
:103AC000370700011307070323A0E700B7071161B9
:103AD0009387C701371700001307578523A0E70016
:103AE000B707116193870702370702001307071909
:103AF00023A0E700B7071161938747023707AD0995
:103B00001307970123A0E700B70711619387870286
:103B100037E7AB071307076923A0E700B707116171
:103B20009387C702370701011307974023A0E700D7
:103B3000B707116193870703379712071307376792
:103B400023A0E700B70711619387870337071800A1
:103B50001307870223A0E700B707116193870704C3
:103B600023A007006F00C03C0347F4FE9307A000AA
:103B70006314F70EB707116193870704130710004A
:103B800023A0E700B70711619387070137071E00DD
:103B90001307C70023A0E700B707116193878701C8
:103BA0003707FA001307470623A0E700B70711619C
:103BB0009387C7011307007D23A0E700B7071161B2
:103BC00093870702370704001307073223A0E70093
:103BD000B70711619387470237079B0913079701BE
:103BE00023A0E700B70711619387870237E797079C
:103BF0001307B76323A0E700B70711619387C702D4
:103C0000370701011307A74023A0E700B707116199
:103C100093870703371711071307171023A0E7002F
:103C2000B707116193878703370718001307E70168
:103C300023A0E700B70711619387070423A00700BB
:103C4000B70708689387070137170001130707C0F4
:103C500023A0E7006F00C02D0347F4FE9307200167
:103C60006316F70EB7071161938707041307100057
:103C700023A0E700B70711619387070137071E00EC
:103C80001307C70023A0E700B707116193878701D7
:103C90003707FA001307970123A0E700B707116160
:103CA0009387C70137170000130707FA23A0E7001F
:103CB000B707116193870702370702001307071937
:103CC00023A0E700B70711619387470237079B09D5
:103CD0001307970123A0E700B707116193878702B5
:103CE00037E797071307B76323A0E700B70711610A
:103CF0009387C702370701011307A74023A0E700F6
:103D0000B7071161938707033717110713071710B8
:103D100023A0E700B70711619387870337071800CF
:103D20001307E70123A0E700B70711619387070492
:103D300023A00700B707086893870701371700011A
:103D4000130707C023A0E7006F00801E0347F4FE9F
:103D5000930790006314F70EB70711619387070468
:103D60001307100023A0E700B7071161938707012D
:103D7000370719001307A70023A0E700B707116151
:103D8000938787013707FA001307470623A0E70048
:103D9000B70711619387C7011307007D23A0E700D0
:103DA000B70711619387070237070400130707322B
:103DB00023A0E700B70711619387470237078209FD
:103DC0001307970123A0E700B707116193878702C4
:103DD00037E7FD071307576C23A0E700B70711610A
:103DE0009387C702370700011307874023A0E70026
:103DF000B70711619387070337171107130737C9EF
:103E000023A0E700B70711619387870337071800DE
:103E10001307970123A0E700B707116193870704F1
:103E200023A00700B7070868938707013717000129
:103E3000130707A023A0E7006F00800F0347F4FEDD
:103E4000930710016316F70EB707116193870704F4
:103E50001307100023A0E700B7071161938707013C
:103E6000370719001307A70023A0E700B707116160
:103E7000938787013707FA001307970123A0E7000C
:103E8000B70711619387C70137170000130707FAB7
:103E900023A0E700B70711619387070237070200E5
:103EA0001307071923A0E700B7071161938747029B
:103EB000370782091307970123A0E700B7071161AD
:103EC0009387870237E7FD071307576C23A0E700A6
:103ED000B70711619387C7023707000113078740AF
:103EE00023A0E700B707116193870703371711076E
:103EF000130737C923A0E700B7071161938787032A
:103F0000370718001307970123A0E700B7071161CF
:103F10009387070423A00700B70708689387070162
:103F200037170001130707A023A0E7006F00400028
:103F3000130000000324C101130101026780000087
:103F4000130101FD2326810213040103232EA4FC87
:103F5000232CB4FC832784FD23A00700832784FD42
:103F600003A707008327C4FD83C7070093F7370023
:103F70003367F700832784FD23A0E700832784FDB0
:103F800003A707008327C4FD83C717009397470043
:103F900093F707033367F700832784FD23A0E70027
:103FA000232604FE6F00C0050327C4FD8327C4FE3B
:103FB00093972700B307F70083D7270013860700DE
:103FC0000327C4FD8327C4FE93972700B307F70098
:103FD00083D74700139707018327C4FE93871700F1
:103FE00093972700832684FDB387F6003367E600A6
:103FF00023A0E7008327C4FE938717002326F4FE3F
:104000000327C4FE93072000E3D0E7FA8327C4FD0B
:1040100083D7E700938607008327C4FD83D7070172
:1040200013970701832784FD9387070133E7E60091
:1040300023A0E7008327C4FD83D7270193860700C9
:104040008327C4FD83D7470113970701832784FD86
:104050009387470133E7E60023A0E7008327C4FDE9
:1040600083D76701938607008327C4FD83D7870121
:1040700013970701832784FD9387870133E7E600C1
:1040800023A0E700130000000324C1021301010371
:1040900067800000130101FD232611022324810201
:1040A00013040103232EA4FCB707007193870703B1
:1040B0002326F4FE232404FE6F00C003832784FE1E
:1040C000939727000327C4FDB307F70083A70700D2
:1040D000938507000325C4FEEF30002A8327C4FE22
:1040E000938747002326F4FE832784FE93871700D7
:1040F0002324F4FE032784FE93076000E3D0E7FC4B
:10410000130000008320C102032481021301010374
:1041100067800000130101FD2326810213040103BF
:10412000232EA4FC232604FE6F0000038327C4FE75
:10413000939727000327C4FDB307F70083A7070061
:1041400063860700930710006F0000028327C4FEF8
:10415000938717002326F4FE0327C4FE930760000D
:10416000E3D6E7FC93070000138507000324C10290
:104170001301010367800000130101FE232E1100CB
:10418000232C8100232A9100130401022326A4FE7C
:10419000B707007413850702EF30801B1307050073
:1041A0008327C4FE23A0E7008327C4FE938447002F
:1041B000B707007413854702EF3080199307050095
:1041C00023A0F4008327C4FE93848700B7070074FC
:1041D00013858702EF30C0179307050023A0F40072
:1041E0008327C4FE9384C700B70700741385C702F2
:1041F000EF3000169307050023A0F4008327C4FEC8
:1042000093840701B707007413850703EF30401448
:104210009307050023A0F4008327C4FE938447017D
:10422000B707007413854703EF308012930705002A
:1042300023A0F4008327C4FE93848701B70700748A
:1042400013858703EF30C0109307050023A0F40007
:10425000130000008320C101032481018324410154
:104260001301010267800000130101FE232E81006B
:104270001304010293070500A307F4FE8347F4FE2D
:10428000938707F813077000636CF70413972700F0
:10429000976700009387875DB307F70003A70700C0
:1042A000976700009387875CB307F7006780070074
:1042B000930700006F000003930700006F00800267
:1042C000930700006F000002930700006F00800159
:1042D000930700006F000001930700006F0080004B
:1042E0008347F4FE138507000324C1011301010273
:1042F00067800000130101FC232E1102232C810290
:1043000013040104930705009386050013070600B4
:10431000A307F4FC938706002307F4FC9307070028
:10432000A306F4FC232A04FC232C04FC232E04FC07
:10433000232004FE232204FE232404FE232604FE5D
:10434000930744FD13850700EFF01FE39387018D6A
:104350000347F4FCA380E7008347E4FC13850700D0
:10436000EFF09FF093070500138707009387018DF7
:104370002386E7009387018D0347D4FCA387E700DA
:10438000930744FD13850700EFF0DFD8930705007E
:10439000638807029387018D13073000A382E7002B
:1043A0009387018D130710002384E7009387018D05
:1043B00013076000A384E700EF00101A6F000002EB
:1043C0009387018DA38207009387018DA384070043
:1043D0009387018D23840700EF00C0029385818EAF
:1043E0001385018DEF0000431385818EEF00007966
:1043F000130000008320C10303248103130101047F
:1044000067800000130101FB23261104232481048B
:1044100013040105232A04FC232C04FC232E04FC92
:10442000232004FE232204FE232404FE232604FE6C
:10443000232C04FA232E04FA232004FC232204FC58
:10444000232404FC232604FC231804FC130744FD46
:10445000930784FB9305070013850700EFF05FAE19
:10446000930744FD13850700EFF0DFC2130000003F
:104470008320C10403248104130101056780000027
:10448000130101FE232E8100130401022326A4FE42
:104490002324B4FE832784FE23800700832784FE21
:1044A0009387170023800700832784FE93872700C4
:1044B00023800700832784FE83C7070013978701A3
:1044C000135787418327C4FE83C70700939787014B
:1044D00093D7874193F717009397870193D7874125
:1044E000B367F7009397870193D7874113F7F70FC7
:1044F000832784FE2380E700832784FE83C7070089
:1045000013978701135787418327C4FE83C717007A
:10451000939747009397870193D7874193F70701B4
:104520009397870193D78741B367F70093978701E4
:1045300093D7874113F7F70F832784FE2380E70083
:10454000832784FE9387170083C70700139787018B
:10455000135787418327C4FE83C72700939787019A
:1045600093D7874193F7F7009397870193D78741B4
:10457000B367F7001397870113578741832784FE9A
:10458000938717001377F70F2380E700832784FEB4
:104590009387170083C70700139787011357874135
:1045A0008327C4FE83C737009397470093978701FB
:1045B00093D78741B367F700139787011357874154
:1045C000832784FE938717001377F70F2380E70074
:1045D000832784FE9387270083C7070013978701EB
:1045E000135787418327C4FE83C7470093978701EA
:1045F00093D7874193F717009397870193D7874104
:10460000B367F7001397870113578741832784FE09
:10461000938727001377F70F2380E700130000002C
:104620000324C1011301010267800000130101FD91
:10463000232611022324810213040103232EA4FC48
:10464000232604FE8327C4FD83C7070013870700C2
:104650008327C4FEB3E7E7002326F4FE8327C4FDC7
:104660009387170083C70700939787000327C4FE2B
:10467000B367F7002326F4FE8327C4FD9387270042
:1046800083C70700939707010327C4FEB367F700AA
:104690002326F4FE8325C4FEB70700711385C701E6
:1046A000EF20904D130000008320C10203248102FB
:1046B0001301010367800000130101FD232611028D
:1046C00023248102130401039307050013870600C6
:1046D000A30FF4FC93870500230FF4FC9307060057
:1046E000A30EF4FC93070700230EF4FC231604FE2C
:1046F000230704FE232204FE230404FE230204FEF7
:10470000A30204FE230304FEA30304FE0347E4FD07
:1047100093071000630EF7020347D4FD93072000B0
:104720006318F7020347C4FD930720006312F702E2
:104730000347F4FD9307D005630CF7000347F4FD2E
:10474000930720066306F70093072000A303F4FEF7
:10475000230404FE0347C4FD930720006310F704FD
:104760000347D4FD93072000631AF7020347E4FDD3
:10477000930710006304F7020347F4FD9307D00585
:10478000630EF7000347F4FD930720066308F70064
:10479000930760002303F4FE6F0080040347C4FD09
:1047A00093072000631EF7020347D4FD9307100010
:1047B0006318F7020347E4FD930710006302F70252
:1047C0000347F4FD9307D005630CF7000347F4FD9E
:1047D000930720066306F700930750002303F4FEB7
:1047E0001307C4FE930744FE9305070013850700D3
:1047F000EFF01FC99307C4FE13850700EFF01FE316
:10480000130000008320C10203248102130101036D
:1048100067800000130101FE232E810013040102B2
:104820002326A4FE2324B4FE8327C4FE83C71700D7
:10483000939757009397870193D7874193F707067C
:1048400013978701135787418327C4FE83C7270027
:10485000939747009397870193D7874193F7070171
:104860009397870193D78741B367F7001397870121
:10487000135787418327C4FE83C7370093972700C8
:104880009397870193D7874193F7C7009397870141
:1048900093D78741B367F700139787011357874171
:1048A0008327C4FE83C747009397870193D7874127
:1048B00093F737009397870193D78741B367F70042
:1048C0009397870193D7874113F7F70F832784FEC8
:1048D0002380E7008327C4FE83C7570093976700B0
:1048E00013978701135787418327C4FE83C7670047
:1048F000939747009397870193D7874193F70703CF
:104900009397870193D78741B367F7001397870180
:10491000135787418327C4FE83C777009397870186
:1049200093D7874193F7F7009397870193D78741F0
:10493000B367F7001397870113578741832784FED6
:10494000938717001377F70F2380E7008327C4FEB0
:1049500083C7870093977700139787011357874181
:104960008327C4FE83C797009397470093978701D7
:1049700093D7874193F707079397870193D7874189
:10498000B367F70013978701135787418327C4FE46
:1049900083C7A700939727009397870193D78741F1
:1049A00093F7C7009397870193D78741B367F700C1
:1049B00013978701135787418327C4FE83C7B70026
:1049C0009397870193D7874193F737009397870190
:1049D00093D78741B367F700139787011357874130
:1049E000832784FE938727001377F70F2380E70040
:1049F000832784FE938737000327C4FE0347C7003D
:104A00002380E7008327C4FE83C7D70093976700FE
:104A100013978701135787418327C4FE83C7E70095
:104A2000939747009397870193D7874193F707039D
:104A30009397870193D78741B367F700139787014F
:104A4000135787418327C4FE83C7F70093978701D5
:104A500093D7874193F7F7009397870193D78741BF
:104A6000B367F7001397870113578741832784FEA5
:104A7000938747001377F70F2380E7008327C4FE4F
:104A800083D7070193D787001397070113570701AF
:104A9000832784FE938757001377F70F2380E7005F
:104AA0008327C4FE03D70701832784FE938767000B
:104AB0001377F70F2380E7008327C4FE83D72701EE
:104AC00093D787001397070113570701832784FEA5
:104AD000938777001377F70F2380E7008327C4FEBF
:104AE00003D72701832784FE938787001377F70F67
:104AF0002380E7008327C4FE83D7470193D787002D
:104B00001397070113570701832784FE93879700A4
:104B10001377F70F2380E7008327C4FE03D74701ED
:104B2000832784FE9387A7001377F70F2380E7007E
:104B30008327C4FE83D7670193D7870013970701A4
:104B400013570701832784FE9387B7001377F70F66
:104B50002380E7008327C4FE03D76701832784FEF1
:104B60009387C7001377F70F2380E7001300000037
:104B70000324C1011301010267800000130101FE3B
:104B8000232E1100232C8100130401022326A4FEEE
:104B90008327C4FE83C70700138707008327C4FE4B
:104BA0009387170083C70700939787003367F70041
:104BB0008327C4FE9387270083C7070093970701C5
:104BC0003367F7008327C4FE9387370083C7070046
:104BD00093978701B367F70093850700B7070071C4
:104BE00013850702EF2040798327C4FE938747008F
:104BF00083C70700138707008327C4FE93875700E6
:104C000083C70700939787003367F7008327C4FEA5
:104C10009387670083C70700939707013367F700FF
:104C20008327C4FE9387770083C707009397870184
:104C3000B367F70093850700B70700711385470234
:104C4000EF2080738327C4FE9387870083C7070004
:104C5000138707008327C4FE9387970083C7070045
:104C6000939787003367F7008327C4FE9387A700D5
:104C700083C70700939707013367F7008327C4FEB4
:104C80009387B70083C7070093978701B367F7003F
:104C900093850700B707007113858702EF20C06D69
:104CA0008327C4FE9387C70083C707009385070047
:104CB000B70700711385C702EF20006C13000000D6
:104CC0008320C101032481011301010267800000D8
:104CD000130101FD232611022324810223229102C4
:104CE00013040103232EA4FCB70700749387070263
:104CF0002326F4FE232404FE6F00C003832784FED2
:104D0000939727000327C4FDB304F7000325C4FECF
:104D1000EF2000649307050023A0F4008327C4FE5E
:104D2000938747002326F4FE832784FE938717008A
:104D30002324F4FE032784FE93076000E3D0E7FCFE
:104D4000130000008320C102032481028324410256
:104D50001301010367800000130101F8232E1106DF
:104D6000232C810613040108232A04FC232C04FCB1
:104D7000232E04FC232004FE232204FE232404FE0D
:104D8000232604FE232C04FA232E04FA232004FCF9
:104D9000232204FC232404FC232604FC231804FC03
:104DA000232E04F8232004FA232204FA232404FAED
:104DB000232604FA232804FA231A04FA930744FD4D
:104DC00013850700EFF0DFF0130784FB930744FD22
:104DD0009305070013850700EF00800E034784FB4F
:104DE000930710006318F70093073000230EF4F8C0
:104DF0006F008001034784FB930720006316F700D0
:104E000093072000230EF4F893072000230EF4F8F4
:104E10008357A4FB231FF4F88357C4FB2310F4FA31
:104E20008357E4FB2311F4FA835704FC2312F4FAAA
:104E3000835724FC2313F4FA835784FC2316F4FAD3
:104E4000835764FC2315F4FA835784FC2316F4FA81
:104E50008357A4FC2317F4FA8357C4FC2318F4FAED
:104E60008357E4FC2319F4FA835704FD231AF4FA58
:104E7000232004F8232204F8232404F8232604F82A
:104E8000232804F8232A04F8232C04F8130704F831
:104E90009307C4F99305070013850700EFF04F8AC5
:104EA000930704F813850700EFF0CF9E130000006E
:104EB0008320C107032481071301010867800000D4
:104EC000130101FD2326810213040103232EA4FCF8
:104ED000232CB4FC8327C4FD83A7070093F7F70FA7
:104EE00093F7370013F7F70F832784FD2380E7003C
:104EF000232604FE6F00C0078327C4FE9387170094
:104F0000939727000327C4FDB307F70083A7070083
:104F10001397070113570701832684FD8327C4FED7
:104F200093972700B387F6002391E7008327C4FEF9
:104F300093871700939727000327C4FDB307F70053
:104F400083A7070093D7070113970701135707019A
:104F5000832684FD8327C4FE93972700B387F6003A
:104F60002392E7008327C4FE938717002326F4FECD
:104F70000327C4FE93072000E3D0E7F88327C4FD8E
:104F80009387070183A707001397070113570701AA
:104F9000832784FD2397E7008327C4FD93870701B8
:104FA00083A7070093D7070113970701135707013A
:104FB000832784FD2398E7008327C4FD9387470157
:104FC00083A707001397070113570701832784FD61
:104FD0002399E7008327C4FD9387470183A7070030
:104FE00093D707011397070113570701832784FD00
:104FF000239AE7008327C4FD9387870183A70700CF
:105000001397070113570701832784FD239BE700AC
:105010008327C4FD9387870183A7070093D70701E0
:105020001397070113570701832784FD239CE7008B
:10503000130000000324C102130101036780000074
:10504000130101FF23261100232481001304010111
:10505000977700009387870183A7070093060000D6
:1050600013060007B715007013850700EF001076D0
:10507000130000008320C1000324810013010101FB
:1050800067800000130101FE232E1100232C8100F4
:1050900013040102930705002324D4FE2322E4FE17
:1050A000A307F4FE938705002307F4FE9307060089
:1050B000A306F4FE97770000938747FB03A507003C
:1050C0008347E4FE9396070193D606018347D4FEF7
:1050D0009397070193D707018345F4FE1308000057
:1050E000032744FE032684FEEF10C00497770000D8
:1050F0009387C7F783A70700930500001385070070
:10510000EF108021130705009387C18923A0E700D2
:105110009387C18983A70700138507008320C101F6
:10512000032481011301010267800000130101FDC6
:10513000232611022324810213040103930705008F
:1051400013870500A30FF4FC93070700230FF4FC5B
:105150008347F4FD2306F4FE8347E4FDA306F4FE33
:10516000130784FE9307C4FE9386070013061000FE
:105170009305200013054005EFF0DFF01300000059
:105180008320C10203248102130101036780000010
:10519000130101FE232E1100232C810013040102B0
:1051A0009307050013870500A307F4FE9307070084
:1051B0002307F4FE9305300013050002EFF01FF7FC
:1051C000130000008320C1010324810113010102A7
:1051D00067800000130101FE232E1100232C8100A3
:1051E000130401029307050013870500A307F4FECB
:1051F000930707002307F4FE930500001305000240
:10520000EFF0DFF2130000008320C10103248101CD
:105210001301010267800000130101FF2326110022
:105220002324810013040101930510003705007148
:10523000EF20801493052000B70700711385470005
:10524000EF2080139305100013052000EFF05FF4AA
:10525000130000008320C100032481001301010119
:1052600067800000130101FF232611002324810021
:10527000130401019305000037050071EF20C00FF2
:1052800093051000B707007113854700EF20C00E8B
:105290009305100013052000EFF0DFF3130000006A
:1052A0008320C100032481001301010167800000F5
:1052B000130101FD2326110223248102130401039B
:1052C000232EA4FC232CB4FC9307060013870600AE
:1052D000231BF4FC93070700A30AF4FC8327C4FDF7
:1052E0006394070073001000034754FD9307700098
:1052F00063F4E70073001000035764FDB727000054
:105300006364F700730010008327C4FD63840716ED
:10531000034754FD9307700063EEE714035764FDE1
:10532000B72700006378F714832784FD138787006D
:10533000835764FD93F7F70F938507001305070064
:10534000EFB05FEE832784FD9386C700034754FDCB
:10535000835764FD93D7574093F7877FB367F70070
:105360009385070013850600EFB0DFEB8327C4FDAC
:10537000032784FD23A0E7008327C4FD83A707003C
:105380009387870013850700EFB05FEA9307050056
:105390002316F4FE8327C4FD83A707009387C70065
:1053A00013850700EFB09FE893070500A305F4FEFF
:1053B0008347B4FE93F787FF2305F4FE8347A4FEDB
:1053C0009397070193D70701939757001397070106
:1053D000135707018357C4FEB367F7002316F4FE83
:1053E0008347B4FE93F77700A305F4FE0357C4FE8A
:1053F000835764FD6304F700730010000347B4FE95
:10540000834754FD6304F700730010008327C4FD35
:1054100083A707009387070113850700EFB01FE1FB
:105420009307050093F72700A307F4FE6F0080039E
:105430008327C4FD83A707009387470013850700D0
:10544000EFB0DFDE8327C4FD83A707009387070142
:1054500013850700EFB09FDD9307050093F7270042
:10546000A307F4FE8347F4FEE39407FC8327C4FDFF
:1054700023820700130000008320C102032481025D
:105480001301010367800000130101FD23261102AF
:105490002324810213040103232EA4FC232CB4FC37
:1054A0008327C4FD6394070073001000832784FDE5
:1054B00063940700730010008327C4FD638007080E
:1054C000832784FD638C0706232604FE6F00C00536
:1054D0008327C4FD83A7070093870701138507006F
:1054E000EFB0DFD49307050093F71700A305F4FE90
:1054F0008347B4FEE38E07FC8327C4FD83A6070021
:10550000032784FD8327C4FEB307F70083C7070082
:105510009385070013850600EFB0DFD08327C4FE14
:10552000938717002326F4FE032784FD8327C4FEF8
:10553000B307F70083C70700E39C07F813000000D8
:105540008320C1020324810213010103678000004C
:10555000130101FE232E1100232C810013040102EC
:105560002326A4FE2324B4FE930706002313F4FE8F
:105570008327C4FE6394070073001000832784FE12
:105580006394070073001000035764FE9307000242
:1055900063F4E70073001000835764FE6394070010
:1055A000730010008327C4FE6384070E832784FEE4
:1055B0006380070E1306C004930500000325C4FE94
:1055C000EF40000B8327C4FE032784FE23A0E700DF
:1055D000035764FE9307000263EEE700835764FEFF
:1055E000638A07008327C4FE035764FE2392E704FF
:1055F0006F0000018327C4FE130710002392E70405
:105600008327C4FE83A7070093060000130610003B
:105610009305000013850700EFB0DFC18327C4FEA8
:1056200083A70700938747029305000013850700AF
:10563000EFB05FBF8327C4FE83A707009387C7012E
:105640009305300013850700EFB0DFBD8327C4FE4C
:1056500083A70700938747009305F00F1385070082
:10566000EFB05FBC8327C4FE83A707009387870141
:105670009305000013850700EFB0DFBA8327C4FE4F
:1056800083A707009305300013850700EFB09FB98B
:10569000130000008320C1010324810113010102D2
:1056A00067800000130101FE232E1100232C8100CE
:1056B000130401022326A4FE8327C4FE639407007B
:1056C000730010008327C4FE638207088327C4FE8B
:1056D00083A707009306000013061000930500003F
:1056E00013850700EFB01FB58327C4FE23A407046A
:1056F0008327C4FE83A707009387C7019305300063
:1057000013850700EFB01FB28327C4FE83A70700ED
:10571000938747009305F00F13850700EFB09FB004
:105720008327C4FE83A707009387870193050000A2
:1057300013850700EFB01FAF8327C4FE83A70700C0
:105740009305300013850700EFB0DFAD13000000B4
:105750008320C1010324810113010102678000003D
:10576000130101FD232611022324810213040103E6
:10577000232EA4FC232CB4FC232604FE8327C4FD83
:105780006394070073001000032784FD93077000E3
:1057900063F4E700730010008327C4FD6386070AE3
:1057A000032784FD9307700063E0E70A8327C4FDA5
:1057B00083A7070013062000930510001385070038
:1057C000EFB0DFA993070500638007088327C4FDB6
:1057D00083A7070093870702130600019305400083
:1057E00013850700EFB09FA79307050013870700F5
:1057F000930710006316F7000325C4FDEF00007443
:105800008327C4FD83A707009387470213850700FA
:10581000EFB0DFA19307050093860700832784FD7F
:1058200013071000B317F700B3E7F6002326F4FEC2
:105830008327C4FD83A70700938747028325C4FEFF
:1058400013850700EFB01F9E130000008320C102E4
:10585000032481021301010367800000130101FD8D
:10586000232611022324810213040103232EA4FC06
:10587000232CB4FC232604FE8327C4FD6394070075
:1058800073001000032784FD9307700063F4E700A2
:10589000730010008327C4FD6388070A032784FD73
:1058A0009307700063E2E70A8327C4FD83A707001C
:1058B000130620009305100013850700EFB01F9A10
:1058C00093070500638207088327C4FD83A70700A9
:1058D0009387070213060001930540001385070014
:1058E000EFB0DF97930705001387070093071000B9
:1058F0006316F7000325C4FDEF0040648327C4FD51
:1059000083A707009387470213850700EFB01F9214
:105910009307050093860700832784FD1307100073
:10592000B317F70093C7F7FFB3F7F6002326F4FE8B
:105930008327C4FD83A70700938747028325C4FEFE
:1059400013850700EFB01F8E130000008320C102F3
:10595000032481021301010367800000130101FD8C
:10596000232611022324810213040103232EA4FC05
:10597000232CB4FC930706002328D4FC231BF4FC3F
:1059800093070700231AF4FC232204FE231704FEC6
:10599000231604FE231504FE231404FE8327C4FDEE
:1059A00063940700730010008327C4FD638E0756BD
:1059B0008327C4FD83A7070013062000930510006A
:1059C00013850700EFB09F8993070500638E075486
:1059D000035764FD835744FDB307F70063860754FC
:1059E000035764FD835744FDB307F7009387F7FF20
:1059F0002322F4FE8327C4FD83A707009387C701F2
:105A00009305300013850700EFB0DF818327C4FDC5
:105A100083A7070093870702130600019305400040
:105A200013850700EFB09F839307050013870700D6
:105A3000930710006316F7000325C4FDEF00005024
:105A40008327C4FD83A707009306000013061000F8
:105A50009305000013850700EFB0CFFD6F0000072E
:105A60000357C4FE835764FD637AF7028327C4FD9E
:105A700083A707009386C7008357C4FE9397270028
:105A8000032784FDB307F70083A70700938507006A
:105A900013850600EFB00FF06F00C0018327C4FD2F
:105AA00083A707009387C7009305000013850700AD
:105AB000EFB04FEE835784FE938717002314F4FE54
:105AC0008357C4FE938717002316F4FE8357C4FE42
:105AD000032744FE63FAE7008327C4FD83D7470406
:105AE0000357C4FEE36EF7F68357C4FE032744FE54
:105AF0006310F7088327C4FD83D747040357C4FE08
:105B00006378F7060357C4FE835764FD637AF70290
:105B10008327C4FD83A70700938687028357C4FEAB
:105B200093972700032784FDB307F70083A7070097
:105B30009385070013850600EFB0CFE56F00C00125
:105B40008327C4FD83A7070093878702930500007E
:105B500013850700EFB00FE4835784FE9387170087
:105B60002314F4FE8357C4FE938717002316F4FE14
:105B70008327C4FD83A707009306100013061000B7
:105B80009305000013850700EFB0CFEA6F00400EC9
:105B90008327C4FD83D74704035784FE6372F70845
:105BA0008357C4FE032744FE631AF7028327C4FD0C
:105BB00083A70700938687028357C4FE9397270025
:105BC000032784FDB307F70083A707009385070029
:105BD00013850600EFB00FDC6F0000038327C4FDC0
:105BE00083A707009386C7008357C4FE93972700B7
:105BF000032784FDB307F70083A7070093850700F9
:105C000013850600EFB00FD98357C4FE93871700A2
:105C10002316F4FE835784FE938717002314F4FEA3
:105C20008327C4FD83A7070093870702130640005C
:105C30009305200013850700EFB04FE2930705009E
:105C4000639807028327C4FD83A707009387870013
:105C500013850700EFB08FD48357E4FE93871700B6
:105C60002317F4FE835784FE9387F7FF2314F4FE73
:105C70000357C4FE835764FDE36CF7F06F00000A1E
:105C80008327C4FD83D74704035784FE6370F7045A
:105C90008357C4FE032744FE63FAE7028327C4FD4B
:105CA00083A707009387C7009305000013850700AB
:105CB000EFB04FCE8357C4FE938717002316F4FE30
:105CC000835784FE938717002314F4FE8327C4FDB3
:105CD00083A707009387070213064000930520005F
:105CE00013850700EFB08FD793070500639807026D
:105CF0008327C4FD83A707009387870013850700C8
:105D0000EFB0CFC98357E4FE938717002317F4FE43
:105D1000835784FE9387F7FF2314F4FE0357E4FEB2
:105D2000835764FDE36EF7F46F00800B8327C4FD97
:105D300083D74704035784FE637AF7028327C4FDA1
:105D400083A707009387C70093050000138507000A
:105D5000EFB04FC48357C4FE938717002316F4FE99
:105D6000835784FE938717002314F4FE8327C4FD12
:105D700083A70700938707021306400093052000BE
:105D800013850700EFB08FCD93070500639A0704D2
:105D90008327C4FD83A70700938787001385070027
:105DA000EFB0CFBF930605008357A4FE032704FD81
:105DB000B307F70013F7F60F2380E7008357A4FE1D
:105DC000938717002315F4FE8357E4FE938717008B
:105DD0002317F4FE835784FE9387F7FF2314F4FE02
:105DE0008357C4FE032744FEE3E2E7F46F00800B11
:105DF0008327C4FD83D74704035784FE637AF702E1
:105E00008327C4FD83A707009387870293050000BB
:105E100013850700EFB00FB88357C4FE93871700B0
:105E20002316F4FE835784FE938717002314F4FE91
:105E30008327C4FD83A7070093870702130640004A
:105E40009305200013850700EFB04FC193070500AD
:105E5000639A07048327C4FD83A7070093878700FD
:105E600013850700EFB08FB3930605008357A4FE98
:105E7000032704FDB307F70013F7F60F2380E700AD
:105E80008357A4FE938717002315F4FE8357E4FE7F
:105E9000938717002317F4FE835784FE9387F7FF39
:105EA0002314F4FE8357C4FE032744FEE302F7F4F1
:105EB0006F00C0068327C4FD83A7070093870702EE
:105EC000130640009305200013850700EFB00FB9BB
:105ED00093070500639407048327C4FD83A7070085
:105EE0009387870013850700EFB04FAB930605003B
:105EF0008357A4FE032704FDB307F70013F7F60F3B
:105F00002380E7008357A4FE938717002315F4FE30
:105F10008357E4FE938717002317F4FE8357E4FEAC
:105F2000032744FEE378F7F8130000008320C10242
:105F3000032481021301010367800000130101FEA5
:105F4000232E1100232C8100130401022326A4FE1A
:105F50008327C4FE83A707009306000013061000E2
:105F60009305000013850700EFB0CFAC8327C4FE74
:105F700083A707009387C7019305300013850700A7
:105F8000EFB04FAA8327C4FE83A70700938747007B
:105F90009305F00F13850700EFB0CFA88327C4FE49
:105FA00083A7070093061000130610009305000056
:105FB00013850700EFB00FA8130000008320C10174
:105FC000032481011301010267800000130101FD18
:105FD000232611022324810213040103232EA4FC8F
:105FE000232CB4FC930706002328D4FCA30BF4FC59
:105FF000832704FD2326F4FEEFB08F932324A4FE11
:106000001306C006930500000325C4FDEF3040666B
:106010008327C4FD032784FD23A0E700834774FD85
:10602000139717008327C4FD23A2E7008327C4FD2D
:1060300083A7070093060000130600049305600081
:1060400013850700EFB00F9F8327C4FD83A70700C8
:1060500093061000130600049305600013850700E3
:10606000EFB04F9D8327C4FD03A707008327C4FE1D
:1060700093D7270093F717009386070013060008AD
:106080009305700013050700EFB0CF9A8327C4FD76
:1060900003A707008327C4FE93D7170093F71700C1
:1060A00093860700130620009305100013050700D0
:1060B000EFB04F988327C4FD03A707008327C4FED2
:1060C00093F717009386070013061000930500004E
:1060D00013050700EFB00F968327C4FD83A70700C1
:1060E0001387C7008327C4FD83A747009385070054
:1060F00013050700EFB00F938327C4FD83A70700A4
:106100001387C7018327C4FD83A747009385070032
:1061100013050700EFB00F91032584FEEFB00F8544
:10612000130000008320C102032481021301010334
:1061300067800000130101FC232E1102232C810231
:1061400013040104232EA4FC232AC4FC1386060096
:106150002328E4FC938607001307080093870500B3
:10616000A30DF4FC93070600231CF4FC93870600A0
:106170002317F4FC93070700230DF4FC835784FDD9
:106180006394070073001000832744FD63940700A5
:10619000730010008357E4FC639407007300100041
:1061A000832704FD63940700730010008327C4FD58
:1061B0001307200023AAE7028357E4FC6384071433
:1061C000835784FD63800714EFA09FF62326A4FE67
:1061D0008327C4FD83C7C700639807008327C4FDD6
:1061E000130730002386E7008327C4FD1307300020
:1061F0002385E7068347B4FD139717008327C4FD63
:1062000023A4E7008327C4FD23A207028327C4FD3C
:10621000032744FD23ACE700035784FD8327C4FD17
:1062200023AEE7008327C4FD23A007028327C4FD14
:10623000032704FD23A4E7020357E4FC8327C4FDDE
:1062400023A6E7028327C4FD23A807028327C4FDF2
:106250001307100023AAE7028327C4FD0347A4FD08
:10626000238AE7008327C4FD03A74705930710008F
:10627000631AF7008327C4FD13071000A384E70601
:106280006F0000028327C4FD83A707009306100058
:10629000130600029305500013850700EFA09FF935
:1062A0008327C4FD03C78706930710006310F70216
:1062B0008327C4FD83A70700930600001306800010
:1062C0009305300013850700EFA0DFF68327C4FD98
:1062D00083A707009387470013850700EFA01FF5EA
:1062E00093070500A305F4FE8347B4FE93F7F70F69
:1062F000A305F4FE0325C4FDEF0090330325C4FE7F
:10630000EFA0DFE6130000008320C1030324810314
:106310001301010467800000130101FD232611020F
:106320002324810213040103232EA4FC232CB4FC98
:10633000EFA01FE02326A4FE8327C4FD032784FDCE
:1063400023ACE7020325C4FEEFA05FE28327C4FD70
:1063500083A747032324F4FE032784FE930710003A
:10636000E306F7FE832784FE138507008320C1021E
:10637000032481021301010367800000130101FE61
:10638000232E1100232C8100130401022326A4FED6
:106390008327C4FE83C70706638007028327C4FEE2
:1063A00083A7070093061000130640009305200002
:1063B00013850700EFA01FE8130000008320C10130
:1063C000032481011301010267800000130101FD14
:1063D00023261102232481022322910213040103A4
:1063E000232EA4FC93071000A307F4FE8327C4FD0B
:1063F00083A707009387470013850700EFA01FE3DB
:1064000093070500A303F4FE834774FE93F7F70F89
:10641000938787FF1307800DE366F70C1397270018
:106420009747000093878746B307F70003A7070045
:106430009747000093878745B307F70067800700F9
:106440008327C4FD83A707009306000013060002FC
:106450009305500013850700EFA0DFDD8327C4FDFF
:1064600083A70700138787008327C4FD83A78700BE
:106470009385070013050700EFA0DFDA8327C4FD2B
:1064800083A70700138787008327C4FD83A74702DC
:1064900093860700130610009305000013050700FC
:1064A000EFA05FD98327C4FD83A747026398070045
:1064B0008327C4FD23A007026F00C0008327C4FD0B
:1064C00023A807028327C4FD83C7970663860700B6
:1064D0008327C4FDA38407068327C4FD03C7C70021
:1064E0008327C4FD83C7A706E306F7068327C4FDF9
:1064F00003C7A7068327C4FD2386E7006F00900526
:106500008327C4FD83A7070093061000130600022B
:106510009305500013850700EFA0DFD16F005006F0
:106520008327C4FD83A7070093061000130600010C
:106530009305400013850700EFA0DFCF8327C4FD3C
:106540001307200023AAE7028327C4FD2386070040
:106550000325C4FDEFF09FE26F0090028327C4FD86
:1065600003A707028327C4FD83A7C7016370F7044D
:106570008327C4FD83A70700138587008327C4FDF5
:1065800003A787018327C4FD83A70702138617008B
:106590008326C4FD23A0C602B307F70083C7070004
:1065A00093850700EFA01FC86F00807D8327C4FD7F
:1065B00003C7C700930730006318F7028327C4FDA1
:1065C0001307100023A2E7028327C4FD83A7070057
:1065D0009306100013060002930550001385070070
:1065E000EFA05FC56F00C0798327C4FD2386070035
:1065F0008327C4FD83C7470193F717002307F4FEE1
:106600008327C4FD0347E4FE2384E7068347E4FEB3
:10661000639607028327C4FD83A707009306100033
:10662000130600019305400013850700EFA09FC0EB
:106630000325C4FDEFF09FD46F0000010325C4FDC6
:10664000EF001002A30704FE8327C4FD23AA07025C
:106650006F0000738327C4FD83A707009306100013
:10666000130600019305400013850700EFA09FBCAF
:106670008327C4FD1307200023AAE7028327C4FD54
:10668000238607000325C4FDEFF05FCF6F00406F46
:106690008327C4FD03A7C7029307100063F2E70234
:1066A0008327C4FD83A7070093061000130640004C
:1066B0009305200013850700EFA0DFB76F00406C43
:1066C0008327C4FD03A7C702930710006312F702D4
:1066D0008327C4FD83A7070093060000130640002C
:1066E0009305200013850700EFA0DFB46F00406919
:1066F0008327C4FD83A707009306100013064000FC
:106700009305200013850700EFA0DFB28327C4FDA7
:1067100083A70700930610001306000193054000AD
:1067200013850700EFA01FB18327C4FD23AA07022A
:106730008327C4FD238607006F0080648327C4FD80
:1067400083A707009306100013060001930540007D
:1067500013850700EFA01FAE8327C4FD1307200099
:1067600023AAE7028327C4FD238607000325C4FD6F
:10677000EFF0DFC06F00C0608327C4FD83A7070070
:10678000938587008327C4FD03A787028327C4FD61
:1067900083A70703138617008326C4FD23A8C60218
:1067A000B304F70013850500EFA05FA89307050069
:1067B0002380F4008327C4FD03A707038327C4FDB8
:1067C00083A7C7029387F7FF636AF7588327C4FD3F
:1067D00083A70700930600001306400093052000DE
:1067E00013850700EFA01FA56F0040578327C4FD46
:1067F00083A70700938687008327C4FD03A787022A
:106800008327C4FD83A70703B304F700138506009D
:10681000EFA0DFA1930705002380F4008327C4FDC8
:1068200083C7470193F717002307F4FE8327C4FDAE
:106830000347E4FE2384E7068347E4FE63960702EA
:106840008327C4FD83A707009306100013060001E9
:106850009305400013850700EFA0DF9D0325C4FDCD
:10686000EFF0DFB16F0000010325C4FDEF00405FD2
:10687000A30704FE8327C4FD238607008327C4FDE6
:1068800023AA07026F00C04F8327C4FD83A7070018
:10689000930610001306400093052000138507009F
:1068A000EFA05F998327C4FD238607008327C4FDDB
:1068B00023AA07048327C4FD83C797066384074A76
:1068C0008327C4FD83A70700930610001306000268
:1068D0009305500013850700EFA0DF956F008048F7
:1068E0008327C4FD13071000A384E7068327C4FD94
:1068F000130740002386E7008327C4FD23A807046D
:106900008327C4FD23A807008327C4FD83A70700AE
:10691000130600029305500013850700EFA01F9493
:1069200093070500638607028327C4FD83A707003A
:10693000930600001306000293055000138507001C
:10694000EFA05F8F8327C4FD13071000A384E70621
:106950008327C4FD1307100023AAE7046F004042F9
:106960008327C4FD83A78704638C07068327C4FDA0
:1069700003A707058327C4FD83A7C7046372F7062F
:106980008327C4FD83A7070093878700138507002B
:10699000EFA0DF8993070500A306F4FE8327C4FD5B
:1069A00003A787048327C4FD83A707051386170061
:1069B0008326C4FD23A8C604B307F7000347D4FE0B
:1069C0002380E7008327C4FD83A70701139787006F
:1069D0008347D4FE3307F7008327C4FD23A8E700CD
:1069E0008327C4FD03A707058327C4FD83A7C70426
:1069F000636EF7368327C4FD83A707009306000064
:106A0000130640009305200013850700EFA09F8226
:106A10006F00C0358327C4FD03C7C700930740003C
:106A20006312F70C8327C4FD03A707058327C4FD62
:106A300083A78705631AF7008327C4FD03A707010F
:106A40008327C4FD23A2E7048327C4FD83A7C705CA
:106A5000638A07068327C4FD83A6C7058327C4FD71
:106A600003A787048327C4FD83A70705939707011E
:106A700093D7070113860700930507000325C4FD7C
:106A8000E78006002324A4FE832784FE6398070082
:106A90000325C4FDEFF09F8E6F00C0058327C4FD62
:106AA00083A707009306000013064000930520000B
:106AB00013850700EFA00FF88327C4FD2380070686
:106AC0006F0040038327C4FD83A7070093061000CF
:106AD000130640009305200013850700EFA08FF5F3
:106AE0006F0040018327C4FD23A207040325C4FDD2
:106AF000EFF0DF888327C4FD23AA07048327C4FDA2
:106B000083C79706638007028327C4FD83A7070016
:106B1000930610001306000293055000138507002A
:106B2000EFA04FF18327C4FD238607006F004025A7
:106B30008327C4FD238607008327C4FD23A20704FF
:106B40008327C4FD03A74705930710006318F700C8
:106B50008327C4FD1307200023AAE7040325C4FDEF
:106B6000EFF0DF816F00C021834774FE13F7F70F4A
:106B70009307800A6316F7068327C4FD13075000A6
:106B80002386E7008327C4FD23A807008327C4FDCD
:106B90001307100023AAE7048327C4FD83A7070077
:106BA000130600029305500013850700EFA00FEBBA
:106BB00093070500638607028327C4FD83A70700A8
:106BC000930600001306000293055000138507008A
:106BD000EFA04FE68327C4FD13071000A384E70648
:106BE0008327C4FD03A747048327C4FD83A70704A5
:106BF0006360F7028327C4FD83A70700938787009C
:106C00009305F00F13850700EFA0CFE16F00C003DD
:106C10008327C4FD83A70700138587008327C4FD4E
:106C200003A7C7038327C4FD83A747041386170060
:106C30008326C4FD23A2C604B307F70083C7070059
:106C400093850700EFA00FDE8327C4FD03A7470449
:106C50008327C4FD83A70704636EF7108327C4FD51
:106C600083A7070093060000130640009305200049
:106C700013850700EFA00FDC8327C4FD23A20704C0
:106C80006F00400F8327C4FD23A207048327C4FDA0
:106C900083A7070093061000130640009305200009
:106CA00013850700EFA00FD98327C4FD23AA07048B
:106CB0008327C4FD83C79706638007028327C4FD2B
:106CC00083A70700930610001306000293055000E7
:106CD00013850700EFA00FD68327C4FD2386070086
:106CE0006F00000A8327C4FD83A7070093060000F6
:106CF000130600029305500013850700EFA08FD301
:106D00008327C4FD238607008327C4FD23A207042D
:106D10008327C4FD03A74703930710006318F700F8
:106D20008327C4FD1307200023AAE7028327C4FD9D
:106D300003A74705930710006312F7048327C4FDD8
:106D40001307200023AAE7046F004003130000008C
:106D50006F000003130000006F00800213000000AA
:106D60006F000002130000006F008001130000009C
:106D70006F000001130000006F008000130000008E
:106D80008347F4FE638007028327C4FD83A70700BF
:106D9000930600001306800093053000138507005A
:106DA000EFA04FC98327C4FD83A70700938747003F
:106DB00013850700EFA08FC793070500A303F4FE18
:106DC000130000008320C1020324810283244102B6
:106DD0001301010367800000130101FD23268102D6
:106DE00013040103232EA4FC8327C4FDF3A747301B
:106DF0002326F4FE130000000324C1021301010343
:106E000067800000130101FD2326810213040103A2
:106E1000232EA4FC8327C4FDF3B747302326F4FEBA
:106E2000130000000324C102130101036780000066
:106E3000130101FE232E1100232C810013040102F3
:106E40002326A4FE37050002EFF01FF9130000000F
:106E50008320C10103248101130101026780000026
:106E6000130101FE232E1100232C810013040102C3
:106E70002326A4FE37050002EFF0DFF81300000020
:106E80008320C101032481011301010267800000F6
:106E9000130101FD2326110223248102130401039F
:106EA000232EA4FC232CB4FC232AC4FCA30704FE39
:106EB000832784FD2324F4FE8327C4FD032784FD58
:106EC00023A0E7008327C4FD032744FD23A2E70096
:106ED000A30704FE832784FD2324F4FE6F008002B1
:106EE00093050000032584FEEFA0CFB3832784FE23
:106EF000938747002324F4FE8347F4FE938717000B
:106F0000A307F4FE0347F4FE9307F001E3FAE7FC5E
:106F10008327C4FD83A74700130710006386E70299
:106F200063820706130720006390E70C8327C4FDE4
:106F300083A70700938707089305F0FF13850700D1
:106F4000EFA04FA56F00C00A8327C4FD83A70700E9
:106F500013870708B70701009385F7FF130507009C
:106F6000EFA0CFA78327C4FD83A707001387470897
:106F7000B70701009385F7FF13050700EFA00FA6E1
:106F80006F0000078327C4FD83A7070093870708C6
:106F90009305F00F13850700EFA0CFA88327C4FD4A
:106FA00083A70700938747089305F00F1385070011
:106FB000EFA04FA78327C4FD83A707009387870807
:106FC0009305F00F13850700EFA0CFA58327C4FD1D
:106FD00083A707009387C7089305F00F1385070061
:106FE000EFA04FA46F00C00073001000130000005A
:106FF000130000008320C102032481021301010356
:1070000067800000130101FD232611022324810261
:1070100013040103232EA4FC232CB4FC232AC4FC58
:10702000032784FD9307F00163F4E7007300100069
:10703000032784FD9307F00163E4E7048327C4FD7D
:1070400083A707002326F4FE832784FD9397270058
:107050000327C4FEB307F7002326F4FE832544FD6F
:107060000325C4FEEFA00F930325C4FEEFA00F93EA
:1070700013070500832744FD6384E70073001000B5
:10708000130000008320C1020324810213010103C5
:1070900067800000130101FD2326110223248102D1
:1070A00013040103232EA4FC232CB4FC9307060035
:1070B000A30BF4FC032784FD9307F00163F4E700BE
:1070C000730010008327C4FD83A747001307100037
:1070D0006388E70A638E0716130720006392E7248C
:1070E0008327C4FD83A707009387070A138507003A
:1070F000EFA0CF8A2326A4FE834774FD6394070282
:10710000832784FD13071000B317F70093C7F7FF19
:10711000138707008327C4FEB3F7E7002326F4FE96
:107120006F000002832784FD13071000B317F700D8
:10713000138707008327C4FEB3E7E7002326F4FE86
:107140008327C4FD83A707009387070A8325C4FE0E
:1071500013850700EFA00F848327C4FD83A70700D2
:107160009387070A13850700EFA04F8313070500D5
:107170008327C4FE638AE71A730010006F00C01AE9
:107180008327C4FD03A70700832784FD93D7470007
:1071900093972700B307F7009387070A2322F4FE8B
:1071A000032544FEEFA00F84930705002315F4FE8A
:1071B000834774FD63900704832784FD93F7F700EA
:1071C00013071000B317F7009397070193D70741F0
:1071D00093C7F7FF13970701135707418317A4FEBF
:1071E000B377F7009397070193D707412315F4FE70
:1071F0006F000003832784FD93F7F7001307100047
:10720000B317F70013970701135707418317A4FE1D
:10721000B367F7009397070193D707412315F4FE4F
:107220008357A4FE93850700032544FEEF901FFBC0
:10723000032544FEEF901FFB93070500138707000B
:107240008357A4FE6386E70E730010006F00400EA4
:107250008327C4FD03A70700832784FD93D7370046
:1072600093972700B307F7009387070A2320F4FEBC
:10727000032504FEEF909FFB93070500A304F4FE93
:10728000834774FD63900704832784FD93F7770099
:1072900013071000B317F7009397870193D787411F
:1072A00093C7F7FF1397870113578741830794FE0E
:1072B000B377F7009397870193D78741A304F4FE30
:1072C0006F000003832784FD93F7770013071000F6
:1072D000B317F7001397870113578741830794FE6D
:1072E000B367F7009397870193D78741A304F4FE10
:1072F000834794FE93850700032504FEEF909FF2D9
:10730000032504FEEF909FF2930705001387070003
:10731000834794FE6382E702730010006F00C00190
:10732000730010006F008001130000006F00000167
:10733000130000006F008000130000001300000025
:107340008320C1020324810213010103678000002E
:10735000130101FE232E8100130401022326A4FE43
:107360008327C4FE83A70700138507000324C101F8
:107370001301010267800000130101FE232E81002A
:10738000130401022326A4FE2324B4FE8327C4FE93
:10739000032784FE23A0E700130000000324C1019B
:1073A0001301010267800000130101FE232E8100FA
:1073B00013040102930705009386050013070600D6
:1073C000A307F4FE938706002307F4FE9307070044
:1073D000A306F4FE0347D4FE93071000631CF712C4
:1073E0008347E4FE639807128347F4FE9387C7FF41
:1073F00013073008636CF7101397270097470000B6
:1074000093874708B307F70003A7070097470000D3
:1074100093874707B307F7006780070093070000CB
:107420006F00C01E930710006F00401E93072000DE
:107430006F00C01D930730006F00401D9307400090
:107440006F00C01C930750006F00401C9307600042
:107450006F00C01B930770006F00401B93078000F4
:107460006F00C01A930790006F00401A9307A000A6
:107470006F00C0199307B0006F0040199307C00058
:107480006F00C0189307D0006F0040189307E0000A
:107490006F00C0179307F0006F00401793070001BB
:1074A0006F00C016930710016F004016930720016C
:1074B0006F00C015930730016F004015930740011E
:1074C0006F00C014930750016F00401493076001D0
:1074D0006F00C013930770016F0040139307800182
:1074E0006F00C012930790016F0040129307A00134
:1074F0006F00C0119307B0016F0040119307C001E6
:107500006F00C0109307D0016F0040109307F00F79
:107510006F00C00F8347F4FE9387C7FF130730083F
:107520006364F70E13972700974700009387871629
:10753000B307F70003A70700974700009387871555
:10754000B307F70067800700930700006F00000C87
:10755000930710006F00800B930720006F00000B53
:10756000930730006F00800A930740006F00000A05
:10757000930750006F008009930760006F000009B7
:10758000930770006F008008930780006F00000869
:10759000930790006F0080079307A0006F0000071B
:1075A0009307B0006F0080069307E0006F000006AD
:1075B0009307F0006F008005930720016F0000051E
:1075C000930730016F008004930780016F0000046F
:1075D000930790016F0080039307A0016F000003E1
:1075E0009307B0016F008002930740016F00000213
:1075F000930750016F008001930760016F00000145
:10760000930770016F0080009307F00F1385070048
:107610000324C1011301010267800000130101FB73
:107620002326110423248104130401059307050074
:10763000A30FF4FA93870500230FF4FA93070600CB
:10764000A30EF4FA93870600230EF4FA93070700BB
:10765000A30DF4FA8346C4FB0347D4FB8347F4FB32
:10766000138606009305070013850700EFF0DFD3AC
:1076700093070500A307F4FE0347F4FE9307F00FFA
:10768000631EF7028347B4FB175700001307879C5C
:1076900093972700B307F70083A707009385070098
:1076A0001385C196EFD05FDE974500009385459D19
:1076B0001385C196EFD05FDD6F00802A0347B4FBCE
:1076C00093071000631AF70093054000B707007492
:1076D00013854700EFF05FCA8347B4FB6384070458
:1076E0000347F4FE93074001631EF7028347B4FB90
:1076F000175700001307079693972700B307F70063
:1077000083A70700938507001385C196EFD0DFD7C5
:1077100097450000938545991385C196EFD0DFD634
:107720006F0000248347B4FB638C07040347F4FE17
:107730009307C0016312F7020347E4FB93071000AD
:10774000631CF70097450000938505991385C19642
:10775000EFD09FD36F00C0200347F4FE9307D00102
:107760006310F7028347E4FB639C07009745000022
:10777000938505981385C196EFD01FD16F00401EE9
:107780008347E4FB93B7170093F7F70F2307F4FE43
:107790008347B4FB638007028347F4FE174700006A
:1077A0001307479C93972700B307F70083A70700A9
:1077B0006F00C0018347F4FE17470000130707A2BC
:1077C00093972700B307F70083A707002324F4FE4D
:1077D0008347B4FB638607028346F4FE8347E4FED7
:1077E00017470000130707A793961600B387F60004
:1077F00093972700B307F70083A707006F00800265
:107800008346F4FE8347E4FE17470000130787B35F
:1078100093961600B387F60093972700B307F700F7
:1078200083A707002322F4FE8347D4FB17470000F9
:10783000130747C093972700B307F70083A70700F4
:107840002320F4FE8347C4FB17470000130787C2B9
:1078500093972700B307F70083A70700232EF4FCB4
:107860008347B4FB174700001307C77E9397270091
:10787000B307F70083A70700938507001385C19618
:10788000EFD09FC00347F4FB930744FC9306070027
:1078900017460000130646879305800113850700ED
:1078A000EF10D05E930744FC938507001385C196C3
:1078B000EFD09FBD8347B4FB639207049745000058
:1078C0009385C5851385C196EFD01FBC8347B4FB54
:1078D000174700001307877893972700B307F7002F
:1078E00083A70700938507001385C196EFD0DFB902
:1078F000832584FE1385C196EFD01FB997450000FC
:10790000938505821385C196EFD01FB8832544FE69
:107910001385C196EFD05FB79745000093858581A9
:107920001385C196EFD05FB6832504FE1385C196FB
:10793000EFD09FB597450000938505811385C196CB
:10794000EFD09FB48325C4FD1385C196EFD0DFB37C
:1079500097450000938585801385C196EFD0DFB2EF
:107960008320C10403248104130101056780000002
:10797000130101FD2326810213040103232EA4FC1D
:107980008327C4FDF3A747302326F4FE130000002D
:107990000324C1021301010367800000130101FFEA
:1079A0002326810013040101B767000003A7070223
:1079B000B76700001377D7FF23A0E702130000008A
:1079C0000324C1001301010167800000130101FFBE
:1079D000232611002324810013040101EFF01FFC72
:1079E000130000008320C100032481001301010162
:1079F00067800000130101FF2326810013040101A9
:107A00009387318A130710002380E70013000000DA
:107A10000324C1001301010167800000130101FF6D
:107A20002326110023248100130401011385818F73
:107A3000EFE0DF9993070000138507008320C10062
:107A4000032481001301010167800000130101FF7D
:107A500023268100130401019387618A1307100014
:107A60002380E700130000000324C100130101017B
:107A700067800000130101FF232681001304010128
:107A80009387418A130710002380E700130000004A
:107A90000324C1001301010167800000130101FFED
:107AA00023268100130401019387518A13071000D4
:107AB0002380E700130000000324C100130101012B
:107AC00067800000130101FE232E1100232C81008A
:107AD00013040102231704FEA30604FEA30504FEFB
:107AE000230504FEA30404FE230404FE93071000F0
:107AF000A303F4FE930710002306F4FEEF00D02446
:107B00001305A000EF909FD1EF904FF6EF1080602B
:107B1000EF10406AEF904FDF13060000930550000E
:107B200013854196EFF00FD79387518A1307100002
:107B30002380E70013051000EF905FCE9387318A12
:107B400083C7070093F7F70F638807009387318A8D
:107B500023800700EF10005CEF10002C9387418A10
:107B600083C7070093F7F70F638807009387418A5D
:107B700023800700EF10006413051000EF901FCA68
:107B80009387518A83C7070093F7F70F6380070233
:107B9000EF004018930705001387070093071000B4
:107BA0006316F7009387518A238007009387618AC1
:107BB00083C7070093F7F70F638007089387618AED
:107BC00023800700EFD00FEA9387018A03C70700DD
:107BD00093072000631AF702834784FE6386070237
:107BE0000347B4FE9307D0056300F7020347B4FED2
:107BF00093072006630AF70013052000EF901FC2C9
:107C0000EFD08FE16F0040039387018A03C707001D
:107C1000930720006312F702034774FE93071000D6
:107C2000631CF700834784FE639807001305200058
:107C3000EF90DFBEEFD04FDE0357E4FE9307400026
:107C400063F0E70C231704FE1307A4FE930674FEEB
:107C5000130684FE930594FE9307B4FE1385070074
:107C6000EF1080688347D4FE13850700EF00C05FE4
:107C70009307050063860700930730006F008000BC
:107C8000930700001387818B2300F700834784FE4E
:107C900013850700EF10D007930705002306F4FEB5
:107CA0009387818B83C607000347D4FE8347C4FEB6
:107CB000138606009305070013850700EFC08FE3C6
:107CC000034674FE9387018A83C607000347C4FEF8
:107CD0008347D4FE9305070013850700EFC0DF9D9F
:107CE0008347B4FEA306F4FE8347D4FE63900702E5
:107CF0009387518A130710002380E7006F0000016B
:107D00008357E4FE938717002317F4FEEFA04FA2DA
:107D10006FF05FE2130101FE232E1100232C81007E
:107D200013040102EF00100A93070500A307F4FEF5
:107D30008347F4FE9385018A13850700EF00101432
:107D4000930705002307F4FE9387018A83C7070082
:107D50009387A7FFB337F00093F7F70F1386070059
:107D60009305400013854196EFF0CFB20347E4FE40
:107D7000930710006314F7229387018A03C7070053
:107D8000B70700749387C70023A0E7009387018A91
:107D900083C7070013850700EF0000581306000093
:107DA0009305800013854196EFF0CFAE13060000D7
:107DB0009305600013854196EFF0CFAD9387018A5C
:107DC00003C707009387118A83C7070093850700BD
:107DD00013050700EF0080609387018A83C70700BF
:107DE00013850700EF90CFE79387018A03C7070049
:107DF0009387118A2380E700130610009305800003
:107E000013854196EFF00FA993051000B707007393
:107E100013854700EFF04FD69387018A83C7070089
:107E200013850700EF00101293070500639A0700FF
:107E300013051000EF909F9E930700006F004016FF
:107E40009387018A03C70700930720006316F70092
:107E500013052000EF909F9CB707007413858700DF
:107E6000EFF00FCF130705009387018B23A0E700E6
:107E7000EF00501C9307050063960700930700006E
:107E80006F000012B707007413858700EFF04FCC26
:107E9000130705009387018B23A0E7009387018BCD
:107EA00083A70700A306F4FE9387018B83A707002F
:107EB00093D787002306F4FE9387018B83A70700DF
:107EC00093D7970093F7F70F93F7F700A305F4FE06
:107ED0009387018B83A7070093D7D70093F7F70FFA
:107EE00093F737002305F4FE0347C4FE8347D4FE0F
:107EF0009305070013850700EF00C0549387018A9C
:107F000003C707008346A4FE0346B4FE8347D4FE9E
:107F10009305070013850700EFB08FDEEF00801395
:107F200093070500638C0706130610009305600095
:107F300013854196EFF00F96EFD0CFB29387018A69
:107F400003C7070093072000631EF7008347B4FEB2
:107F5000638A070013052000EF905F8CEFD0CFAB52
:107F60006F0040039387018A03C70700930720002F
:107F70006312F7020347A4FE93071000631CF70087
:107F80008347B4FE6398070013052000EF901F8914
:107F9000EFD08FA8930710006F00800093070000B8
:107FA000138507008320C10103248101130101020D
:107FB00067800000130101FF2326810013040101E3
:107FC000B70700749387070183A70700138507008D
:107FD0000324C1001301010167800000130101FFA8
:107FE000232611002324810013040101EFF09FFCDC
:107FF0009307050093D7170093F7F70F93F7170030
:1080000093F7F70F138507008320C1000324810035
:108010001301010167800000130101FF23261100F5
:108020002324810013040101EFF0DFF8930705001A
:1080300093D7270093F7F70F93F7170093F7F70FEE
:10804000138507008320C10003248100130101016F
:1080500067800000130101FE232E1100232C8100F4
:1080600013040102B707007413858700EFF04FAEC9
:10807000130705009387018B23A0E7009387018BEB
:1080800083A70700A307F4FE8347F4FE13850700C8
:10809000EF00001193070500138507008320C1013D
:1080A000032481011301010267800000130101FF15
:1080B000232611002324810013040101130620004C
:1080C000B705007013854196EFE09FDC1306500062
:1080D0009305000013854196EFE0DFF21306500090
:1080E0009305100013854196EFE0DFF11306500071
:1080F0009305200013854196EFE0DFF01306500052
:108100009305300013854196EFE0DFEF1306500032
:108110009305400013854196EFE0DFEE1306500013
:108120009305500013854196EFE0DFED13065000F4
:108130009305600013854196EFE0DFEC13065000D5
:108140009305700013854196EFE0DFEB13065000B6
:108150009305800013854196EFE0DFEA1306500097
:108160009305900013854196EFE0DFE91306500078
:108170009305A00013854196EFE0DFE813060000A9
:108180009305300013854196EFE0DFF01300000007
:108190008320C100032481001301010167800000D6
:1081A000130101FE232E8100130401029307050031
:1081B000A307F4FE8347F4FE9387C7FF1307300835
:1081C0006368F70213972700973700009387877D2E
:1081D000B307F70003A70700973700009387877C52
:1081E000B307F70067800700930710006F00800057
:1081F00093070000138507000324C1011301010246
:1082000067800000130101FE232E81001304010288
:1082100093070500A307F4FE8347F4FE9387C7FF87
:108220001307F0066368F7021397270097470000CB
:1082300093874798B307F70003A707009747000005
:1082400093874797B307F7006780070093071000ED
:108250006F00800093070000138507000324C1010D
:108260001301010267800000130101FE232E81002B
:108270001304010293070500A307F4FE0347F4FE6D
:10828000930790016308F7000347F4FE9307A000EB
:108290006316F700930710006F008000930700003B
:1082A00093F7F70F138507000324C101130101029F
:1082B00067800000130101FE232E1100232C810092
:1082C000130401022326A4FE0327C4FE9307A00083
:1082D0006308F7000327C4FE93079001631CF700AF
:1082E000130610009305A00013854196EFE09FDA76
:1082F0006F004001130600009305A000138541960E
:10830000EFE05FD9130000008320C1010324810145
:108310001301010267800000130101FE232E81007A
:108320001304010293070500A307F4FE0347F4FEBC
:10833000930760006318F704B707106893878700F6
:108340001307005023A0E700B707106893870701C1
:1083500037870001130707F023A0E700B70710686D
:1083600093878701371700001307470123A0E70011
:10837000B70710689387C7021307E00F23A0E70031
:108380006F00C004B70710689387870013070010B9
:1083900023A0E700B707106893870701371700018C
:1083A0001307078023A0E700B707106893878701AA
:1083B000371700001307C70123A0E700B7071068AD
:1083C0009387C7021307000223A0E70013000000F1
:1083D0000324C1011301010267800000130101FEA3
:1083E000232E1100232C81001304010293070500A2
:1083F00013870500A307F4FE930707002307F4FE85
:108400000347F4FE930760006314F7020347E4FE9A
:1084100093076000631EF70013051000EF900FC074
:1084200013052000EF90CF8313051000EF900FBFCE
:10843000130000008320C101032481011301010204
:1084400067800000130101FE232E1100232C810000
:10845000130401029307050013870500A307F4FE28
:10846000930707002307F4FE8347E4FEB337F000C9
:1084700093F7F70F13860700930570001385419655
:10848000EFE05FC18347F4FE13850700EFF09FD74D
:1084900093070500B337F00093F7F70F1386070033
:1084A0009305900013854196EFE0DFBE13000000B6
:1084B0008320C101032481011301010267800000B0
:1084C000130101FE232E1100232C8100130401024D
:1084D00013060002B735007013854197EFD04F8720
:1084E00013854197EFD00F9C93052000138541978A
:1084F000EFD00FA7930720602326F4FE9307C4FE56
:108500001307000093060000130610009385070070
:1085100013854197EFD08FC413051000EF900FB073
:108520009305200013854197EFD04FB3130510003A
:10853000EF90CFAE130000008320C101032481011E
:108540001301010267800000130101FF23261100BF
:108550002324810013040101EFF05FB5EFC05FAE8B
:10856000930610001306A001B72500701385C1966D
:10857000EFC01FD4973500009385C5321385C1968F
:10858000EFC09FF037050001EFF08FBE3705000206
:10859000EFF00FBE37050004EFF08FBD3705000880
:1085A000EFF00FBD37050010EFF08FBCEFF05FF17B
:1085B000130000008320C100032481001301010186
:1085C00067800000130101FE232E1100232C81007F
:1085D00013040102B7970000938707E02324F4FEF9
:1085E000231204FE230304FEA30704FE1306000265
:1085F000B735007013854197EFC09FF513854197FC
:10860000EFD04F8A9305200013854197EFD04F9507
:108610006F00400313055000EF904FA0930644FEF7
:10862000930784FE1307300013061000938507009C
:1086300013854197EFD08FB28347F4FE93871700DD
:10864000A307F4FE834744FE639807000347F4FE44
:1086500093079000E3F0E7FC930520001385419712
:10866000EFD0CF9F834744FE138507008320C101CD
:10867000032481011301010267800000130101FE40
:10868000232E810013040102930705002324B4FE66
:10869000A307F4FE8347F4FE1307A0006366F70800
:1086A00013972700973700009387C76CB307F7002D
:1086B00003A70700973700009387C76BB307F7003E
:1086C00067800700832784FE130720002380E700CC
:1086D000930710006F000006832784FE1307300005
:1086E0002380E700930710006F00C004832784FEF7
:1086F000130740002380E700930710006F008003FA
:10870000832784FE130750002380E700930710009F
:108710006F004002832784FE130760002380E70078
:10872000930710006F000001832784FE2380070059
:1087300093070000138507000324C1011301010200
:1087400067800000130101FD23261102232481020A
:108750001304010393070500A30FF4FCA30704FE11
:108760000347F4FD930720006316F70093072003E7
:108770006F0080009307A00013850700EF900F8A19
:10878000EFF0DF8593070500A307F4FE8347F4FEAF
:10879000639007060347F4FD93072000630AF70080
:1087A0009387218A03C707009307200063F2E70439
:1087B0008347F4FD13850700EF801FF313060000C5
:1087C0009305800013854196EFE0DF8C13061000BF
:1087D0009305800013854196EFE0DF8B130540067B
:1087E000EF90CF83EFF08FFF93070500A307F4FE10
:1087F0008347F4FE638807009387218A238007005C
:108800006F00C0019387218A83C7070093871700F1
:1088100013F7F70F9387218A2380E7008347F4FE3D
:10882000138507008320C102032481021301010381
:1088300067800000130101FE232E1100232C81000C
:1088400013040102A30704FE6F008003EFF09F8072
:1088500093070500638C0700EFF00FFC93070500FA
:1088600063860700930710006F0080021305A000C5
:10887000EF80DFFA8347F4FE93871700A307F4FE27
:108880000347F4FE93072000E3F2E7FC93070000A0
:10889000138507008320C101032481011301010214
:1088A00067800000130101FF2326810013040101EA
:1088B0009387C18B83A70700138717009387C18B0A
:1088C00023A0E7009387C18B03A70700B717030016
:1088D0009387F7D363FAE7009387C18B23A0070040
:1088E000930710006F0080009307000013850700B6
:1088F0000324C1001301010167800000130101FE80
:10890000232E1100232C810013040102B7171061DC
:108910009387C70383A707002326F4FEB7271061B8
:108920009387C70383A707002324F4FEB74710618A
:108930009387C70383A707002322F4FE8327C4FE7F
:1089400093D7670193F7170063860702832784FE96
:1089500093D7670193F71700638E0700832744FEC0
:1089600093D7670193F717006386070093071000FA
:108970006F00C004EFF01FF3930705006384070244
:10898000973500009385C5411385C196EFC0DFAFD1
:108990009387318A130710002380E70093070000B4
:1089A0006F00C0019387318A83C7070013F7F70F61
:1089B00093071000E31CF7F49307000013850700EA
:1089C0008320C1010324810113010102678000009B
:1089D000130101FE232E8100130401022326A4FEAD
:1089E0002324B4FE8327C4FE93F7F70F93F71700F1
:1089F00013F7F70F832784FE2380E7008327C4FE45
:108A000093D7170093F7F70F93F7170013F7F70FA4
:108A1000832784FEA380E7008327C4FE93D7270023
:108A200093F7F70F93F7170013F7F70F832784FED9
:108A30002381E7008327C4FE93D7370093F7F70F0E
:108A400093F7170013F7F70F832784FEA381E7003E
:108A50008327C4FE93D7470093F7F70F93F71700C8
:108A600013F7F70F832784FE2382E7008327C4FED2
:108A700093D7570093F7F70F93F7170013F7F70FF4
:108A8000832784FEA382E7008327C4FE93D7670071
:108A900093F7F70F93F7170013F7F70F832784FE69
:108AA0002383E7008327C4FE93D7770093F7F70F5C
:108AB00093F7170013F7F70F832784FEA383E700CC
:108AC0008327C4FE93D7870093F7F70F93F7170018
:108AD00013F7F70F832784FE2384E7008327C4FE60
:108AE00093D7970093F7F70F93F7170013F7F70F44
:108AF000832784FEA384E7008327C4FE93D7A700BF
:108B000093F7F70F93F7170013F7F70F832784FEF8
:108B10002385E7008327C4FE93D7B70093F7F70FA9
:108B200093F7170013F7F70F832784FEA385E70059
:108B30008327C4FE93D7C70093F7F70F93F7170067
:108B400013F7F70F832784FE2386E7008327C4FEED
:108B500093D7D70093F7F70F93F7170013F7F70F93
:108B6000832784FEA386E7008327C4FE93D7E7000C
:108B700093F7F70F93F7170013F7F70F832784FE88
:108B80002387E700130000000324C1011301010241
:108B900067800000130101FD2326110223248102B6
:108BA00013040103B707007213854705EFE04FFA7E
:108BB0002326A4FE9307C4FD938507000325C4FE66
:108BC000EFF01FE1034784FE930710006316F700E0
:108BD000930710006F00C004EFF0DFCC930705008F
:108BE00063840702973500009385851D1385C19620
:108BF000EFC09F899387318A130710002380E70015
:108C0000930700006F00C0019387318A83C7070074
:108C100013F7F70F93071000E316F7F89307000018
:108C2000138507008320C10203248102130101037D
:108C300067800000130101FD232611022324810215
:108C400013040103B707007213854705EFE04FF0E7
:108C50002326A4FE9307C4FD938507000325C4FEC5
:108C6000EFF01FD7834744FE639807009387318A4C
:108C7000130710002380E7008320C1020324810230
:108C80001301010367800000130101FD2326110277
:108C90002324810213040103B707007213854705DB
:108CA000EFE00FEB2326A4FE9307C4FD9385070096
:108CB0000325C4FEEFF0DFD1EFF0DFBE9307050020
:108CC00063840702973500009385C5111385C1960B
:108CD000EFC08FFB9387318A130710002380E700D2
:108CE000930700006F000003034794FE93071000F2
:108CF0006316F700930710006F00C0019387318A55
:108D000083C7070013F7F70F93071000E316F7F870
:108D100093070000138507008320C102032481020A
:108D20001301010367800000130101FE232E81005F
:108D30001304010293070500A307F4FE8347F4FE22
:108D4000130710006388E702130710006346F7005B
:108D5000638E07006F008003130720006380E70223
:108D6000130730006380E7026F0040029307200082
:108D70006F000002930700006F008001930710004E
:108D80006F000001930700006F0080009307000050
:108D9000138507000324C10113010102678000004D
:108DA000130101FE232E8100130401029307050025
:108DB000A307F4FE8347F4FE13075000638CE70219
:108DC000130750006346F700638A07026F008003B1
:108DD000130760006388E700130770006388E700EB
:108DE0006F004002930720006F00000293072000ED
:108DF0006F008001930710006F00000193070000CF
:108E00006F00800093070000138507000324C10151
:108E10001301010267800000130101FE232E1100DF
:108E2000232C8100130401029387418B83A7070041
:108E300063840718EFF01FE09387318A83C7070028
:108E400093F7F70F639E0716EFA08FB993070500FE
:108E50002307F4FEEFA08FB493070500A306F4FEEA
:108E6000EFA04FBC930705002306F4FEA30704FE02
:108E70009387418B03A70700973700009387471F0D
:108E800083A70700631CF700973700009387871EAE
:108E900083C707000347C4FE6304F7049387418B2D
:108EA00003A70700973700009387871C23A0E700DC
:108EB000973700009387071C0347C4FE2380E70011
:108EC000938711811307F0FF2380E70093872181A7
:108ED0001307F0FF2380E70093071000A307F4FEB9
:108EE0009387218183C707000347E4FE630EF702DF
:108EF000938721810347E4FE2380E7008347E4FE54
:108F000013850700EFA00F978347E4FE1385070042
:108F1000EFF01FE99307050013850700EF805F8CD2
:108F200093071000A307F4FE9387118183C70700FE
:108F30000347D4FE6308F702938711810347D4FEE9
:108F40002380E7008347D4FE13850700EFF0DFDDC1
:108F50009307050013850700EF801F859307100016
:108F6000A307F4FE8347F4FE638E0704B70700737C
:108F700013858700EFE0CFBD9307050093F7F70F48
:108F80002324F4FE832784FE93F7F70F8346E4FE41
:108F90000347D4FE138606009305070013850700D8
:108FA000EF004003832784FE638E0700032584FEC1
:108FB000EF801F8D6F000001130000006F00800024
:108FC000130000008320C101032481011301010269
:108FD00067800000130101FD232611022324810272
:108FE0001304010393070500938605001307060089
:108FF000A30FF4FC93870600230FF4FC93070700EC
:10900000A30EF4FC93072000A307F4FE8347F4FDAE
:109010009387C7FF1307F0066362F70613972700CD
:10902000973700009387C7E0B307F70003A707004F
:10903000973700009387C7DFB307F7006780070003
:109040008347D4FD638807000347D4FD930740009E
:10905000631AF7028347E4FD639807009307100043
:10906000A307F4FE6F0000020347E4FD930720000E
:10907000631AF700A30704FE6F00C000130000008E
:109080006F008000130000008347F4FE6388070030
:109090000347F4FE930710006316F7001305000062
:1090A000EF808FF08347E4FD639C07000347D4FD06
:1090B000930720006316F70013051000EF804FF2AE
:1090C0008347F4FE93F7170093F7F70F1386070013
:1090D0009305100013854196EFD0DFFB8347F4FE24
:1090E00093D7170093F7F70F93F7170093F7F70F3E
:1090F000138607009305200013854196EFD09FF952
:10910000130000008320C102032481021301010324
:1091100067800000130101FF232611002324810032
:1091200013040101EF805FF2130705009387418B61
:1091300023A0E7009387418B83A70700638607047A
:109140009387418B83A7070013850700EF801FFBE0
:10915000EFF0CFFA93070500638C0702EFF09FA3AF
:1091600093070500638A0702EFF01FB2930705001B
:1091700063880702EFA0CF869307050013850700D9
:10918000EF905FEF6F000002130000006F0080019E
:10919000130000006F000001130000006F0080004A
:1091A000130000008320C10003248100130101018A
:1091B00067800000130101FE232E1100232C810083
:1091C00013040102B707007313858700EFE04F987F
:1091D0009307050013F7F70F9387818A23A0E70011
:1091E0009387818A83A707006386070E9387818A06
:1091F00083A7070013850700EFF0CF8B9387818A41
:1092000083A7070013850700EF808FE7B707007378
:1092100013858700EFE0CF939307050013F7F70F4F
:109220009387C18A23A0E7009387C18A03A7070019
:109230009387818A83A707006300F7029387C18A17
:1092400083A70700638A07009387C18A83A7070063
:1092500013850700EF80CFE2B707007313858700FF
:10926000EFE00F8F2326A4FE8327C4FEA305F4FEA0
:109270008327C4FE93D7970093F7F70F93F7F70070
:109280002305F4FE8327C4FE93D7D70093F7F70F87
:1092900093F73700A304F4FEB70700731385C700E4
:1092A000EFE00F8B9307050093F7F70F93F7170085
:1092B0002304F4FE834694FE0346A4FE834584FE05
:1092C0008347B4FE1307000013850700EFE00FB5D6
:1092D0006F008000130000008320C101032481017E
:1092E0001301010267800000130101FC232E11020B
:1092F000232C810213040104232EA4FC232CB4FC90
:10930000232AC4FC2328D4FC2326E4FCB7070074DA
:1093100013858700EFE0CF83130705009387018B48
:1093200023A0E7009387018B83A70700A307F4FE20
:109330009387018B83A7070093D7870093F7F70FD5
:1093400093F717002307F4FE9387018B83A7070089
:1093500093D7970093F7F70F93F7F700A306F4FE60
:109360009387018B83A7070093D7D70093F7F70F55
:1093700093F737002306F4FE8327C4FD83C7070055
:109380000347F4FE631AF702832784FD83C70700AF
:109390000347E4FE6312F702832744FD83C70700F7
:1093A0000347D4FE631AF700832704FD83C7070031
:1093B0000347C4FE6304F70E130600009305600024
:1093C00013854196EFD01FCD0347E4FE8347F4FE9B
:1093D0009305070013850700EFF0CF869387018A76
:1093E00003C707008346C4FE0346D4FE8347F4FE4A
:1093F0009305070013850700EFA08F901306100058
:109400009305600013854196EFD0DFC8EFB09FE56C
:109410009387018A03C7070093072000631AF702A6
:109420008347D4FE638607020347F4FE9307D00503
:109430006300F7020347F4FE93072006630AF70070
:1094400013052000EF808FBDEFB01FDD6F004003DC
:109450009387018A03C70700930720006312F7026E
:109460000347C4FE93071000631CF7008347D4FE34
:109470006398070013052000EF804FBAEFB0DFD9E3
:109480008346C4FE0346D4FE8345E4FE8347F4FED0
:109490001307100013850700EFE04F98832784FD22
:1094A0000347E4FE2380E7008327C4FD0347F4FE5F
:1094B0002380E700832744FD0347D4FE2380E70091
:1094C000832704FD0347C4FE2380E7008327C4FCF1
:1094D00083C7070093C7F7FF13F7F70F8327C4FC71
:1094E0002380E7008327C4FC83C707001386070097
:1094F0009305000013854196EFD0DFB913000000FB
:109500008320C10303248103130101046780000049
:10951000130101FE232E81001304010293070500AD
:10952000A307F4FE8347F4FE13076000636CF7049F
:109530001397270097370000938787ABB307F7008F
:1095400003A7070097370000938787AAB307F700A0
:1095500067800700930710006F0000039307200047
:109560006F008002930700006F0000029307100055
:109570006F008001930720006F0000019307000037
:109580006F00800093070000138507000324C101CA
:1095900013010102678000006340050663C60506EB
:1095A00013860500930505001305F0FF630C060202
:1095B00093061000637AB6006358C00013161600B5
:1095C00093961600E36AB6FE1305000063E6C50035
:1095D000B385C5403365D50093D6160013561600E3
:1095E000E39606FE6780000093820000EFF05FFBC9
:1095F00013850500678002003305A04063D805008D
:10960000B305B0406FF0DFF9B305B04093820000BE
:10961000EFF01FF93305A04067800200938200003D
:1096200063CA0500634C0500EFF09FF71385050042
:1096300067800200B305B040E35805FE3305A04043
:10964000EFF01FF63305B0406780020013030500FA
:10965000630E060083830500230073001306F6FFE4
:109660001303130093851500E31606FE67800000C0
:1096700013030500630A06002300B3001306F6FF78
:1096800013031300E31A06FE67800000130101F6BE
:10969000232AF108232A91062326D1082328E1084A
:1096A000232C0109232E110993874181232E1106B2
:1096B000232C81062328210783A4070063D40502F5
:1096C0009307B00823A0F4001305F0FF8320C1071F
:1096D0000324810783244107032901071301010A99
:1096E0006780000093078020231AF1002324A10043
:1096F000232CA10093070000638405009387F5FFE6
:109700001309F0FF138405009306C1089305810037
:10971000138504002328F100232EF100231B2101CF
:109720002322D100EF00C018635625019307B0082B
:1097300023A0F400E30C04F88327810023800700B2
:109740006FF0DFF8130101FE2328210103A9850032
:10975000232C81002324410123206101232E1100A9
:10976000232A91002326310123225101138405006D
:10977000130B0600138A060063E0260F83D7C5008B
:1097800013F707486308070C8324040003274401E8
:1097900083A50501930A0500B389B440931417000B
:1097A0003387E4009354F701B384E4001387160071
:1097B00093D414403307370163F4E40093040700A3
:1097C00093F707406384070C9385040013850A0010
:1097D000EF00903713090500631205049307C000DA
:1097E00023A0FA008357C4001305F0FF93E7070492
:1097F0002316F4008320C101032481018324410145
:10980000032901018329C100032A8100832A410021
:10981000032B01001301010267800000832504016E
:1098200013860900EFF09FE28357C40093F7F7B760
:1098300093E707082316F40023282401232A940021
:1098400033093901B38434412320240123249400B3
:1098500013090A0063742A0113090A00032504008E
:109860001306090093050B00EF00101A83278400EC
:1098700013050000B38727412324F4008327040045
:1098800033892701232024016FF0DFF613860400BB
:1098900013850A00EF00104013090500E31E05F8C8
:1098A0008325040113850A00EF00D0196FF01FF320
:1098B00083D7C500130101F52322910A2320210B30
:1098C000232E31092326110A2324810A232C41093E
:1098D000232A510923286109232671092324810998
:1098E0002322910993F707089309050013890500BE
:1098F000930406006388070683A70501639407069F
:10990000930500042326D100EF0010242320A90092
:109910002328A9008326C100631205049307C00011
:1099200023A0F9001305F0FF8320C10A0324810A54
:109930008324410A0329010A8329C109032A8109D1
:10994000832A4109032B0109832BC108032C8108B9
:10995000832C41081301010B67800000930700046A
:10996000232AF90093070002A30CF10293070003D6
:10997000232A0102230DF102232ED100130B5002E2
:10998000972A0000938A8A68930B1000176CFF7F58
:10999000130C4C671384040083470400638407009E
:1099A0006396670DB30C944063860C0293860C009B
:1099B000138604009305090013850900EFF09FD872
:1099C0009307F0FF630EF52483264103B3869601C7
:1099D000232AD10283470400638407249307F0FFFE
:1099E0009304140023200102232601022322F10202
:1099F00023240102A3010106232C010683C50400D0
:109A00001306500013850A00EF00C07D1384140074
:109A1000832701026310050613F707016306070099
:109A200013070002A301E10613F78700630607008E
:109A30001307B002A301E10683C604001307A002C6
:109A40006386E6040327C102138404009307000021
:109A5000130690008346040093051400938606FDC8
:109A6000637AD610639E07026F000005130414008A
:109A70006FF09FF2330555413395AB00B3E7A70074
:109A80002320F102930404006FF05FF70327C10164
:109A90009306470003270700232ED10063460700E3
:109AA0002326E1026F0040013307E04093E72700DF
:109AB0002326E1022320F102034704009307E0027A
:109AC0006316F702034714009307A0026316F70C0E
:109AD0008327C101130424001387470083A70700CD
:109AE000232EE10063C6070A2322F1028345040006
:109AF00013063000172500001305C551EF00806ED6
:109B000063040502972700009387C7503305F5408B
:109B100093070004B397A700032501021304140060
:109B20003365F5002320A10283450400130660007D
:109B3000172500001305454E93041400230CB102B1
:109B4000EF00406A630A050E63160C0A0327010240
:109B50008327C1011377071063060708938747001F
:109B6000232EF10083274103B3874701232AF10203
:109B70006FF05FE293172700B387E7009397170012
:109B80003387D70013840500930710006FF09FEC14
:109B90009307F0FF6FF05FF5130414002322010216
:109BA000930700001307000013069000834604008B
:109BB00093051400938606FD6378D600E38807F2C8
:109BC0002322E1026FF09FF293172700B387E7008B
:109BD000939717003387D70013840500930710006D
:109BE0006FF0DFFC9387770093F787FF93878700F9
:109BF0006FF01FF71307C101970600009386C6B4E4
:109C0000130609009305010213850900970000005F
:109C1000E70000009307F0FF130A0500E314F5F4D2
:109C20008357C9001305F0FF93F70704E39E07CE9F
:109C3000032541036FF05FCF1307C10197060000B2
:109C4000938686B013060900930501021385090067
:109C5000EF00801B6FF01FFC130101FD232A51014F
:109C600083A70501930A070003A785002324810227
:109C700023229102232E3101232C4101232611029C
:109C80002320210323286101232671019309050064
:109C90001384050093040600138A060063D4E700CA
:109CA0009307070023A0F40003473404630607006A
:109CB0009387170023A0F4008327040093F707027B
:109CC0006388070083A704009387270023A0F4007C
:109CD0000329040013796900631E0900130B940122
:109CE000930BF0FF8327C40003A70400B387E7406A
:109CF0006342F908832704008346340493F707027C
:109D0000B336D0006390070C1306340493050A00A1
:109D100013850900E7800A009307F0FF6308F50642
:109D2000832704001306400003A7040093F767008D
:109D30008326C400930400006398C700B384E64000
:109D400063D40400930400008327840003270401E4
:109D50006356F700B387E740B384F40013090000AB
:109D60001304A401130BF0FF6390240913050000F2
:109D70006F0000029306100013060B0093050A0003
:109D800013850900E7800A00631A75031305F0FFC5
:109D90008320C1020324810283244102032901029A
:109DA0008329C101032A8101832A4101032B010177
:109DB000832BC10013010103678000001309190000
:109DC0006FF05FF23307D40013060003A301C7044A
:109DD0000347540493871600B307F40093862600C4
:109DE000A381E7046FF05FF29306100013060400EE
:109DF00093050A0013850900E7800A00E30865F966
:109E0000130919006FF05FF6130101FC232C810286
:109E1000232631032322510323206103232E7101C2
:109E2000232E1102232A91022328210323244103F4
:109E3000232C810183C78501938B06009306E006DE
:109E4000930A050013840500130B0600938935045B
:109E5000638CD72863E8F60693063006638CD70A2E
:109E600063ECF6006380072C930680056388D712A5
:109E7000130C24046F00400B930640066386D70042
:109E800093069006E396D7FE832704000326070077
:109E900093F5070893064600638E050883240600A1
:109EA0002320D70063D804009307D002B304904066
:109EB000A301F404172A0000130A8A161309A0004C
:109EC0006F00C012930630076384D72663E2F60260
:109ED0009306F006638ED70693060007E39AD7F839
:109EE00083A7050093E7070223A0F5006F00400158
:109EF00093065007638ED70493068007E39AD7F63C
:109F000093078007A302F404172A0000130A8A1299
:109F10006F00800983270700138C25049386470070
:109F200083A707002320D7002301F4049307100020
:109F30006F0000238324060093F707042320D70033
:109F4000E38207F69394040193D404416FF09FF5E4
:109F50000326040083260700137506089385460030
:109F6000630805002320B70083A406006F004001AA
:109F7000137606042320B700E30806FE83D4060008
:109F80001307F006172A0000130A8A091309A00014
:109F9000639CE704130980006F000005A382F504A9
:109FA000172A0000130ACA07832704008326070024
:109FB00013F6070883A4060093864600630606107E
:109FC0002320D70013F717006306070093E7070263
:109FD0002320F40013090001639804008327040080
:109FE00093F7F7FD2320F400A30104048327440022
:109FF0002324F40063C80700032704001377B7FF86
:10A000002320E40063960400138C0900638A07028E
:10A01000138C09009305090013850400EFF0CFDCD1
:10A020003305AA0083470500130CFCFF93050900C4
:10A030002300FC0013850400EFF08FD663F2240B9D
:10A04000930780006314F9028327040093F7170035
:10A05000638E0700032744008327040163C8E700D9
:10A0600093070003A30FFCFE130CFCFFB389894187
:10A070002328340113870B0093060B001306C1003D
:10A080009305040013850A00EFF01FBD9304F0FF51
:10A09000631E950C1305F0FF8320C1030324810385
:10A0A00083244103032901038329C102032A810276
:10A0B000832A4102032B0102832BC101032C81015E
:10A0C000130101046780000013F607042320D70062
:10A0D000E30A06EE9394040193D404016FF09FEE1B
:10A0E000930405006FF01FF383A605008327070084
:10A0F00003A6450113F5060893854700630A05008A
:10A100002320B70083A7070023A0C7006F008001AA
:10A110002320B70093F6060483A70700E38606FE14
:10A120002390C70023280400138C09006FF09FF4CC
:10A130008327070003A64500930500009386470088
:10A140002320D70003AC070013050C00EF008009A3
:10A1500063060500330585412322A40083274400BC
:10A160002328F400A30104046FF0DFF08326040128
:10A1700013060C0093050B0013850A00E7800B0003
:10A18000E30A95F08327040093F7270063940704FC
:10A190008327C1000325C400E350F5F013850700B1
:10A1A0006FF09FEF930610001306090093050B0054
:10A1B00013850A00E7800B00E30E35ED938414004D
:10A1C0008327C4000327C100B387E740E3CCF4FC36
:10A1D0006FF01FFC93040000130994019309F0FF32
:10A1E0006FF01FFE93F5F50F3306C5006316C5002B
:10A1F000130500006780000083470500E38CB7FE6D
:10A20000130515006FF09FFE630C06021303050093
:10A2100093061000636AB5009306F0FF1307F6FF7C
:10A220003303E300B385E500838305002300730057
:10A230001306F6FF3303D300B385D500E31606FEFD
:10A24000678000006380051083A7C5FF130101FF2D
:10A250002324810023261100232291001384C5FFAB
:10A2600063D407003304F40093040500EF0040308A
:10A270009387018C83A707006392070223220400BF
:10A2800023A0818C032481008320C1001385040056
:10A2900083244100130101016F00C02D6376F40295
:10A2A000832604003307D400639AE70003A707005E
:10A2B00083A747003307D7002320E4002322F400BC
:10A2C0006FF01FFC9307070003A747006304070014
:10A2D000E37AE4FE83A607003386D700631886027C
:10A2E00003260400B386C60023A0D7003386D70018
:10A2F000E31AC7F80326070003274700B306D60072
:10A3000023A0D70023A2E7006FF0DFF76378C40033
:10A310009307C00023A0F4006FF0DFF603260400CB
:10A32000B306C400631AD70083260700032747003B
:10A33000B386C6002320D4002322E40023A2870092
:10A340006FF05FF467800000130101FE232A910083
:10A350009384350093F4C4FF232E1100232C810035
:10A360002328210123263101938484009307C00010
:10A3700063F4F4069304C00063E2B4061309050015
:10A38000EF00001F9387018C03A707001304070049
:10A39000631A04069387418C83A70700639A07001A
:10A3A0009305000013050900EF00401823A2A18CBB
:10A3B0009385040013050900EF0040179309F0FF8F
:10A3C000631A350B9307C0002320F9001305090019
:10A3D000EF00401A6F000001E3D004FA9307C000B9
:10A3E0002320F500130500008320C101032481010F
:10A3F00083244101032901018329C10013010102C2
:10A400006780000083270400B387974063CE07046A
:10A410009306B00063FAF6002320F4003304F4003E
:10A42000232094006F00000183274400631A8702F1
:10A4300023A0F18C13050900EF00C0131305B4002D
:10A4400093074400137585FF3307F540E30E07F8C3
:10A450003304E400B387A7402320F4006FF0DFF853
:10A460002322F7006FF01FFD1307040003244400AC
:10A470006FF01FF2130435001374C4FFE30285FA72
:10A48000B305A44013050900EF00400AE31A35F9AB
:10A490006FF05FF363960500930506006FF0DFEA47
:10A4A000130101FE232C8100232E1100232A910089
:10A4B0002328210123263101130406006316060216
:10A4C000EFF05FD8130900008320C101032481014C
:10A4D0001305090083244101032901018329C100D7
:10A4E00013010102678000009384050093090500B1
:10A4F000EF00800813890400E37885FC93050400CD
:10A5000013850900EFF05FE413090500E30E05FA77
:10A510009385040013060400EFF04F939385040025
:10A5200013850900EFF01FD26FF01FFA130101FF2E
:10A5300023248100130405001385050023A0019C3A
:10A5400023261100EF605FA99307F0FF631AF5005F
:10A550009387019C83A70700638407002320F400EE
:10A560008320C100032481001301010167800000E2
:10A57000678000006780000083A7C5FF1385C7FFC1
:10A5800063D80700B385A50083A705003305F50050
:10A5900067800000000000000000000000000000D4
:10A5A000040F0080E80E0080200F0080A80F0080BC
:10A5B000580F0080580F0080580F0080580F0080FF
:10A5C000F47900801C7A00804C7A0080747A0080D4
:10A5D0009C7A00803C0F0080700F00808C0F008000
:10A5E000BC73FFFFBC73FFFFCC73FFFFCC73FFFF97
:10A5F000CC73FFFFCC73FFFFC473FFFFCC73FFFF6F
:10A60000CC73FFFFCC73FFFFCC73FFFFCC73FFFF56
:10A61000B473FFFFCC73FFFFCC73FFFFBC73FFFF6E
:10A62000BC73FFFFCC73FFFFCC73FFFFCC73FFFF46
:10A63000CC73FFFFC473FFFFCC73FFFFCC73FFFF2E
:10A64000CC73FFFFCC73FFFFCC73FFFFB473FFFF2E
:10A65000BC73FFFFBC73FFFFBC73FFFFCC73FFFF36
:10A66000CC73FFFFCC73FFFFCC73FFFFCC73FFFFF6
:10A67000CC73FFFFCC73FFFFCC73FFFFCC73FFFFE6
:10A68000CC73FFFFCC73FFFFCC73FFFFCC73FFFFD6
:10A69000CC73FFFFCC73FFFFCC73FFFFCC73FFFFC6
:10A6A000CC73FFFFCC73FFFFCC73FFFFCC73FFFFB6
:10A6B000CC73FFFFCC73FFFFCC73FFFFCC73FFFFA6
:10A6C000CC73FFFFBC73FFFFBC73FFFFCC73FFFFB6
:10A6D000CC73FFFFCC73FFFFCC73FFFFCC73FFFF86
:10A6E000CC73FFFFCC73FFFFCC73FFFFCC73FFFF76
:10A6F000CC73FFFFCC73FFFFCC73FFFFCC73FFFF66
:10A70000CC73FFFFCC73FFFFCC73FFFFCC73FFFF55
:10A71000CC73FFFFCC73FFFFCC73FFFFCC73FFFF45
:10A72000CC73FFFFCC73FFFFCC73FFFFCC73FFFF35
:10A73000CC73FFFFCC73FFFFCC73FFFFCC73FFFF25
:10A74000CC73FFFFAC73FFFFAC73FFFFAC73FFFF75
:10A75000A473FFFFA473FFFFAC73FFFFAC73FFFF95
:10A76000AC73FFFFA473FFFFA473FFFFCC73FFFF65
:10A77000CC73FFFFCC73FFFFCC73FFFFCC73FFFFE5
:10A78000CC73FFFFCC73FFFFCC73FFFFB473FFFFED
:10A79000CC73FFFFCC73FFFFA473FFFFA473FFFF15
:10A7A000CC73FFFFCC73FFFFCC73FFFFCC73FFFFB5
:10A7B000CC73FFFFCC73FFFFCC73FFFFCC73FFFFA5
:10A7C000CC73FFFFCC73FFFFCC73FFFFCC73FFFF95
:10A7D000B473FFFFB473FFFFB473FFFFBC73FFFFDD
:10A7E000BC73FFFF9872FFFF3873FFFFDC73FFFF3E
:10A7F0008074FFFF2475FFFFB076FFFFBC76FFFF7C
:10A80000C876FFFFD476FFFFE076FFFF001010014F
:10A81000002010010040100100801001B88BFFFFE4
:10A82000B88BFFFF708BFFFF788BFFFF808BFFFFE4
:10A83000888BFFFF908BFFFFB88BFFFFB88BFFFF6C
:10A84000988BFFFFA08BFFFFB88BFFFFB88BFFFF3C
:10A85000B88BFFFFB88BFFFFB88BFFFFB88BFFFFF4
:10A86000A88BFFFFB08BFFFF489AFFFF509AFFFFB6
:10A87000789AFFFF589AFFFF609AFFFF789AFFFFD0
:10A88000689AFFFF709AFFFFB8BBFFFF5CC4FFFF31
:10A890005CC4FFFF5CC4FFFF5CC4FFFF5CC4FFFF40
:10A8A0005CC4FFFF5CC4FFFFB8BBFFFF5CC4FFFFDD
:10A8B0005CC4FFFF5CC4FFFF5CC4FFFF5CC4FFFF20
:10A8C0005CC4FFFF5CC4FFFFD4BCFFFF5CC4FFFFA0
:10A8D0005CC4FFFF5CC4FFFF5CC4FFFF5CC4FFFF00
:10A8E0005CC4FFFF5CC4FFFF98BCFFFF5CC4FFFFBC
:10A8F0005CC4FFFF5CC4FFFF5CC4FFFF5CC4FFFFE0
:10A900005CC4FFFF5CC4FFFFD4BCFFFF5CC4FFFF5F
:10A910005CC4FFFF5CC4FFFF5CC4FFFF5CC4FFFFBF
:10A920005CC4FFFF5CC4FFFFCCBDFFFF5CC4FFFF46
:10A930005CC4FFFF5CC4FFFF5CC4FFFF5CC4FFFF9F
:10A940005CC4FFFF5CC4FFFF78BCFFFF5CC4FFFF7B
:10A950005CC4FFFF5CC4FFFF5CC4FFFF5CC4FFFF7F
:10A960005CC4FFFF5CC4FFFF08BEFFFF5CC4FFFFC9
:10A970005CC4FFFF5CC4FFFF5CC4FFFF5CC4FFFF5F
:10A980005CC4FFFF5CC4FFFFB4BEFFFF5CC4FFFFFD
:10A990005CC4FFFF5CC4FFFF5CC4FFFF5CC4FFFF3F
:10A9A0005CC4FFFF5CC4FFFFF0BEFFFF5CC4FFFFA1
:10A9B0005CC4FFFF5CC4FFFF5CC4FFFF5CC4FFFF1F
:10A9C0005CC4FFFF5CC4FFFF64BFFFFF5CC4FFFF0C
:10A9D0005CC4FFFF5CC4FFFF5CC4FFFF5CC4FFFFFF
:10A9E0005CC4FFFF5CC4FFFF64C0FFFF5CC4FFFFEB
:10A9F0005CC4FFFF5CC4FFFF5CC4FFFF5CC4FFFFDF
:10AA00005CC4FFFF5CC4FFFF58C0FFFF5CC4FFFFD6
:10AA10005CC4FFFF5CC4FFFF5CC4FFFF5CC4FFFFBE
:10AA20005CC4FFFF5CC4FFFF64C0FFFF5CC4FFFFAA
:10AA30005CC4FFFF5CC4FFFF5CC4FFFF5CC4FFFF9E
:10AA40005CC4FFFF5CC4FFFF58C0FFFF5CC4FFFF96
:10AA50005CC4FFFF5CC4FFFF5CC4FFFF5CC4FFFF7E
:10AA60005CC4FFFF5CC4FFFFD8C0FFFF5CC4FFFFF6
:10AA70005CC4FFFF5CC4FFFF5CC4FFFF5CC4FFFF5E
:10AA80005CC4FFFF5CC4FFFF00C0FFFF5CC4FFFFAE
:10AA90005CC4FFFF5CC4FFFF5CC4FFFF5CC4FFFF3E
:10AAA0005CC4FFFF5CC4FFFFD8C0FFFF5CC4FFFFB6
:10AAB0005CC4FFFF5CC4FFFF5CC4FFFF5CC4FFFF1E
:10AAC0005CC4FFFF5CC4FFFF00C0FFFF5CC4FFFF6E
:10AAD0005CC4FFFF5CC4FFFF5CC4FFFF5CC4FFFFFE
:10AAE0005CC4FFFF5CC4FFFF8CC1FFFF5CC4FFFFC1
:10AAF0005CC4FFFF5CC4FFFF5CC4FFFF5CC4FFFFDE
:10AB00005CC4FFFF5CC4FFFFE0C2FFFF5CC4FFFF4B
:10AB10005CC4FFFF5CC4FFFF5CC4FFFF5CC4FFFFBD
:10AB20005CC4FFFF5CC4FFFFE0C2FFFF5CC4FFFF2B
:10AB30005CC4FFFF5CC4FFFF5CC4FFFF5CC4FFFF9D
:10AB40005CC4FFFF5CC4FFFFE0C2FFFF5CC4FFFF0B
:10AB50005CC4FFFF5CC4FFFF5CC4FFFF5CC4FFFF7D
:10AB60005CC4FFFF5CC4FFFFFCC3FFFF5CC4FFFFCE
:10AB70005CC4FFFF5CC4FFFF5CC4FFFF5CC4FFFF5D
:10AB80005CC4FFFF5CC4FFFFFCC3FFFF5CC4FFFFAE
:10AB90005CC4FFFF5CC4FFFF5CC4FFFF5CC4FFFF3D
:10ABA0005CC4FFFF5CC4FFFF5CC4FFFF5CC4FFFF2D
:10ABB0005CC4FFFF5CC4FFFF5CC4FFFF5CC4FFFF1D
:10ABC0005CC4FFFF5CC4FFFFA8C2FFFF5CC4FFFFC3
:10ABD0005CC4FFFF5CC4FFFF5CC4FFFF5CC4FFFFFD
:10ABE0005CC4FFFF5CC4FFFFC4C4FFFF0D0A232346
:10ABF0002048444D495F525820746F205344495FA8
:10AC00005458205061746820232320200000000045
:10AC10000D0A2323205344495F525820746F204863
:10AC2000444D495F545820506174682023232020EC
:10AC30000000000048444D4920646174612D726138
:10AC40007465203A20000000534449206461746117
:10AC50002D7261746520203A2000000031322047B7
:10AC6000000000003620470033204700312E3520F9
:10AC700047000000323730204D6270730000000042
:10AC800035393430204D627073000000323937306E
:10AC9000204D62707300000031343835204D6270F1
:10ACA000730000003734322E35204D62707300007F
:10ACB0003430393678323136307035392E39340007
:10ACC000343039367832313630703630000000009A
:10ACD000343039367832313630703530000000008B
:10ACE0003430393678323136307034372E393500D9
:10ACF0003430393678323136307034380000000064
:10AD00003430393678323136307032392E393700B6
:10AD1000343039367832313630703330000000004C
:10AD20003430393678323136307032350000000038
:10AD30003430393678323136307032332E3938008B
:10AD40003430393678323136307032340000000019
:10AD50003338343078323136307035392E3934006A
:10AD600033383430783231363070363000000000FD
:10AD700033383430783231363070353000000000EE
:10AD80003338343078323136307034372E3935003C
:10AD900033383430783231363070343800000000C7
:10ADA0003338343078323136307032392E3937001A
:10ADB00033383430783231363070333000000000B0
:10ADC000333834307832313630703235000000009C
:10ADD0003338343078323136307032332E393800EF
:10ADE000333834307832313630703234000000007D
:10ADF0003230343878313038307035392E393400CB
:10AE0000323034387831303830703630000000005D
:10AE1000323034387831303830703530000000004E
:10AE20003230343878313038307032392E3937009A
:10AE30003230343878313038307033300000000030
:10AE4000323034387831303830703235000000001C
:10AE50003139323078313038307035392E3934006C
:10AE600031393230783130383070363000000000FF
:10AE700031393230783130383070353000000000F0
:10AE80003139323078313038307032392E3937003C
:10AE900031393230783130383070333000000000D2
:10AEA00031393230783130383070323500000000BE
:10AEB0003132383078373230703630003132383015
:10AEC00078373230703530003132383078373230C0
:10AED0007032392E3937000031323830783732301D
:10AEE00070333000313238307837323070323500DC
:10AEF0003139323078313038306935392E393400D3
:10AF00003139323078313038306936300000000065
:10AF10003139323078313038306935300000000056
:10AF20003230343878313038306935392E393400A0
:10AF30003230343878313038306936300000000033
:10AF40003230343878313038306935300000000024
:10AF5000696E76616C69640053442036323569004D
:10AF60005344203532356900594342435220343A24
:10AF7000323A3200594342435220343A343A340090
:10AF800052474220343A343A34000000696E766108
:10AF90006C6964203A20343A323A300059434243D3
:10AFA000524120343A323A323A3400005943424353
:10AFB000524120343A343A343A3400005247424144
:10AFC00020343A343A343A3400000000696E766135
:10AFD0006C6964203A20534D50544520535420321C
:10AFE0003034382D3220465300000000696E7661FF
:10AFF0006C6964203A2059434243524420343A3227
:10B000003A323A3400000000696E76616C6964205F
:10B010003A2059434243524420343A343A343A3481
:10B0200000000000696E76616C6964203A20524726
:10B03000424420343A343A343A340000696E76613E
:10B040006C6964203A20582759275A2720343A340B
:10B050003A34000031302D4269742046520000001D
:10B0600031302D426974000031322D426974000084
:10B0700031322D4269742046520000000D0A53758A
:10B0800070706F72746564205265736F6C7574694B
:10B090006F6E204E6F742064657465637465640D13
:10B0A0000A0000000D0A537570706F727465642099
:10B0B0005265736F6C7574696F6E204E6F74206487
:10B0C00065746563746564203A20373230703630B9
:10B0D0000D0A00004E6F742056616C696420666F23
:10B0E000722036323569200D0A0000004E6F742040
:10B0F00056616C696420666F722053442035323586
:10B10000690000000D0A534449205649432020207D
:10B110002020203A202575000D0A00000D0A5265F6
:10B12000736F6C7574696F6E2020203A20000000E8
:10B130000D0A436F6C6F7220666F726D6174203AF6
:10B14000200000000D0A506978656C2077696474EE
:10B150006820203A200000000D0A0D0A00000000BF
:10B160005CAC00805CAC00805CAC008064AC0080B7
:10B1700064AC008064AC00805CAC00805CAC00809F
:10B180005CAC008064AC008064AC008064AC008087
:10B1900068AC008068AC00806CAC00806CAC008057
:10B1A00068AC008068AC00806CAC00806CAC008047
:10B1B0006CAC00806CAC00806CAC00806CAC00802F
:10B1C0006CAC00806CAC00806CAC00806CAC00801F
:10B1D00074AC008074AC008080AC008080AC0080D7
:10B1E00080AC00808CAC00808CAC00808CAC00808B
:10B1F00080AC008080AC008080AC00808CAC008093
:10B200008CAC00808CAC008098AC008098AC008046
:10B21000A4AC0080A4AC008098AC008098AC008006
:10B22000A4AC0080A4AC0080A4AC0080A4AC0080DE
:10B23000A4AC0080A4AC0080A4AC0080A4AC0080CE
:10B24000A4AC0080A4AC008074AC008074AC00801E
:10B25000B0AC0080C0AC0080D0AC0080D0AC00802E
:10B26000E0AC0080F0AC008000AD008010AD00804C
:10B2700020AD008020AD008030AD008040AD00806A
:10B2800050AD008060AD008070AD008070AD00807A
:10B2900080AD008090AD0080A0AD0080B0AD00809A
:10B2A000C0AD0080C0AD0080D0AD0080E0AD0080BA
:10B2B000F0AD008000AE008010AE008010AE0080C7
:10B2C00020AE008030AE008040AE008040AE0080F6
:10B2D00050AE008060AE008070AE008070AE008026
:10B2E00080AE008090AE0080A0AE0080A0AE008056
:10B2F000B0AE0080B0AE0080BCAE0080BCAE0080BE
:10B30000C8AE0080D8AE0080E4AE0080E4AE00801D
:10B31000F0AE008000AF008010AF008010AF008062
:10B3200020AF008030AF008040AF008040AF008091
:10B3300050AF008058AF008060AF008050AF0080F9
:10B34000B0AC0080C0AC0080D0AC0080D0AC00803D
:10B35000E0AC0080F0AC008000AD008010AD00805B
:10B3600020AD008020AD008030AD008040AD008079
:10B3700050AD008060AD008070AD008070AD008089
:10B3800080AD008090AD0080A0AD0080B0AD0080A9
:10B39000C0AD0080C0AD0080D0AD0080E0AD0080C9
:10B3A000F0AD008000AE008010AE008010AE0080D6
:10B3B00020AE008030AE008040AE008040AE008005
:10B3C00050AE008060AE008070AE008070AE008035
:10B3D00080AE008090AE0080A0AE0080A0AE008065
:10B3E000B0AE0080B0AE0080BCAE0080BCAE0080CD
:10B3F000C8AE0080D8AE0080E4AE0080E4AE00802D
:10B40000F0AE008000AF008010AF008010AF008071
:10B4100020AF008030AF008040AF008040AF0080A0
:10B4200050AF008058AF008060AF008050AF008008
:10B4300068AF008074AF008080AF00808CAF008068
:10B440009CAF0080ACAF0080BCAF0080CCAF008070
:10B45000ECAF008008B0008024B0008050AF0080C6
:10B4600050AF008050AF00803CB0008050AF0080F3
:10B4700054B0008060B0008068B0008070B0008080
:10B480003CC0FFFF5CC0FFFF8CC0FFFF8CC0FFFF14
:10B490008CC0FFFF8CC0FFFF84C0FFFF8CC0FFFF8C
:10B4A0008CC0FFFF8CC0FFFF8CC0FFFF8CC0FFFF74
:10B4B0001CC0FFFF8CC0FFFF8CC0FFFF44C0FFFF1C
:10B4C00064C0FFFF8CC0FFFF8CC0FFFF8CC0FFFF7C
:10B4D0008CC0FFFF7CC0FFFF8CC0FFFF8CC0FFFF54
:10B4E0008CC0FFFF8CC0FFFF8CC0FFFF24C0FFFF9C
:10B4F0008CC0FFFF34C0FFFF2CC0FFFF8CC0FFFFDC
:10B500008CC0FFFF8CC0FFFF8CC0FFFF8CC0FFFF13
:10B510008CC0FFFF8CC0FFFF8CC0FFFF8CC0FFFF03
:10B520008CC0FFFF8CC0FFFF8CC0FFFF8CC0FFFFF3
:10B530008CC0FFFF8CC0FFFF8CC0FFFF8CC0FFFFE3
:10B540008CC0FFFF8CC0FFFF8CC0FFFF8CC0FFFFD3
:10B550008CC0FFFF8CC0FFFF8CC0FFFF8CC0FFFFC3
:10B560008CC0FFFF54C0FFFF4CC0FFFF8CC0FFFF2B
:10B570008CC0FFFF8CC0FFFF8CC0FFFF8CC0FFFFA3
:10B580008CC0FFFF8CC0FFFF8CC0FFFF8CC0FFFF93
:10B590008CC0FFFF8CC0FFFF8CC0FFFF8CC0FFFF83
:10B5A0008CC0FFFF8CC0FFFF8CC0FFFF8CC0FFFF73
:10B5B0008CC0FFFF8CC0FFFF8CC0FFFF8CC0FFFF63
:10B5C0008CC0FFFF8CC0FFFF8CC0FFFF8CC0FFFF53
:10B5D0008CC0FFFF8CC0FFFF8CC0FFFF8CC0FFFF43
:10B5E0008CC0FFFFF4BFFFFFECBFFFFFE4BFFFFF16
:10B5F000D4BFFFFFCCBFFFFFC4BFFFFFBCBFFFFF37
:10B60000B4BFFFFFA4BFFFFF9CBFFFFF8CC0FFFFC5
:10B610008CC0FFFF8CC0FFFF8CC0FFFF8CC0FFFF02
:10B620008CC0FFFF8CC0FFFF8CC0FFFF8CC0FFFFF2
:10B630008CC0FFFF8CC0FFFFDCBFFFFFACBFFFFF74
:10B640008CC0FFFF8CC0FFFF8CC0FFFF8CC0FFFFD2
:10B650008CC0FFFF8CC0FFFF8CC0FFFF8CC0FFFFC2
:10B660008CC0FFFF8CC0FFFF8CC0FFFF8CC0FFFFB2
:10B67000FCBFFFFF04C0FFFF8CC0FFFF0CC0FFFF3B
:10B6800014C0FFFF8CC0FFFF6CC0FFFF74C0FFFF42
:10B6900058BFFFFF38BFFFFF78BFFFFF78BFFFFF36
:10B6A00078BFFFFF78BFFFFF78BFFFFF78BFFFFFC6
:10B6B00078BFFFFF78BFFFFF78BFFFFF78BFFFFFB6
:10B6C00078BFFFFF78BFFFFF78BFFFFF60BFFFFFBE
:10B6D00040BFFFFF78BFFFFF78BFFFFF78BFFFFFCE
:10B6E00078BFFFFF78BFFFFF78BFFFFF78BFFFFF86
:10B6F00078BFFFFF78BFFFFF78BFFFFF78BFFFFF76
:10B7000078BFFFFF30BFFFFF28BFFFFF78BFFFFFFD
:10B7100078BFFFFF78BFFFFF78BFFFFF78BFFFFF55
:10B7200078BFFFFF78BFFFFF78BFFFFF78BFFFFF45
:10B7300078BFFFFF78BFFFFF78BFFFFF78BFFFFF35
:10B7400078BFFFFF78BFFFFF78BFFFFF78BFFFFF25
:10B7500078BFFFFF78BFFFFF78BFFFFF78BFFFFF15
:10B7600078BFFFFF78BFFFFF78BFFFFF78BFFFFF05
:10B7700078BFFFFF70BFFFFF68BFFFFF78BFFFFF0D
:10B7800078BFFFFF78BFFFFF78BFFFFF78BFFFFFE5
:10B7900078BFFFFF78BFFFFF78BFFFFF78BFFFFFD5
:10B7A00078BFFFFF78BFFFFF78BFFFFF78BFFFFFC5
:10B7B00078BFFFFF78BFFFFF78BFFFFF78BFFFFFB5
:10B7C00078BFFFFF78BFFFFF78BFFFFF78BFFFFFA5
:10B7D00078BFFFFF78BFFFFF78BFFFFF78BFFFFF95
:10B7E00078BFFFFF78BFFFFF78BFFFFF78BFFFFF85
:10B7F00078BFFFFF10BFFFFF08BFFFFF00BFFFFFC5
:10B80000F0BEFFFFE8BEFFFFE0BEFFFFD8BEFFFFB8
:10B81000D0BEFFFFC0BEFFFFB8BEFFFF78BFFFFF77
:10B8200078BFFFFF78BFFFFF78BFFFFF78BFFFFF44
:10B8300078BFFFFF78BFFFFF78BFFFFF78BFFFFF34
:10B8400078BFFFFF78BFFFFFF8BEFFFFC8BEFFFF56
:10B8500078BFFFFF78BFFFFF78BFFFFF78BFFFFF14
:10B8600078BFFFFF78BFFFFF78BFFFFF78BFFFFF04
:10B8700078BFFFFF78BFFFFF78BFFFFF78BFFFFFF4
:10B8800078BFFFFF78BFFFFF78BFFFFF18BFFFFF44
:10B8900020BFFFFF78BFFFFF48BFFFFF50BFFFFF84
:10B8A0000D0A2A2A2A2A2A2A2A2A2A2A2A2A2A2A35
:10B8B0002A2A2A2A2A2A2A2A2A2A2A2A2A2A2A2AE8
:10B8C0002A2A2A2A2A2A2A2A2A2A2A2A2A2A2A2AD8
:10B8D0002A2A2A2A2A2A2A2A2A2A2A2A2A2A2A2AC8
:10B8E0002A2A2A2A2A2A2A2A2A2A2A2A2A2A2A2AB8
:10B8F0002A2A2A0D0A0A2A2A2A2A2A2A2A2A2A2A05
:10B900002A2A2A2A2A2A2A2A2A2A2A2A2A2A2A2A97
:10B91000202020205344492F48444D492042692D7E
:10B92000646972656374696F6E616C2020202A2AD5
:10B930002A2A2A2A2A2A2A2A2A2A2A2A2A2A2A2A67
:10B940002A2A2A2A2A2A2A0D0A0A2A2A2A2A2A2AB4
:10B950002A2A2A2A2A2A2A2A2A2A2A2A2A2A2A2A47
:10B960002A2A2A2A2A2A2A2A2A2A2A2A2A2A2A2A37
:10B970002A2A2A2A2A2A2A2A2A2A2A2A2A2A2A2A27
:10B980002A2A2A2A2A2A2A2A2A2A2A2A2A2A2A2A17
:10B990002A2A2A2A2A2A2A2A2A2A2A0D0A0D0A00AB
:10B9A00048C8FFFF48C8FFFF50C8FFFF50C8FFFF4F
:10B9B00050C8FFFF50C8FFFF48C8FFFF50C8FFFF37
:10B9C00050C8FFFF50C8FFFF50C8FFFF50C8FFFF1F
:10B9D00048C8FFFF50C8FFFF50C8FFFF48C8FFFF1F
:10B9E00048C8FFFF50C8FFFF50C8FFFF50C8FFFF07
:10B9F00050C8FFFF48C8FFFF50C8FFFF50C8FFFFF7
:10BA000050C8FFFF50C8FFFF50C8FFFF48C8FFFFE6
:10BA100050C8FFFF48C8FFFF48C8FFFF50C8FFFFDE
:10BA200050C8FFFF50C8FFFF50C8FFFF50C8FFFFBE
:10BA300050C8FFFF50C8FFFF50C8FFFF50C8FFFFAE
:10BA400050C8FFFF50C8FFFF50C8FFFF50C8FFFF9E
:10BA500050C8FFFF50C8FFFF50C8FFFF50C8FFFF8E
:10BA600050C8FFFF50C8FFFF50C8FFFF50C8FFFF7E
:10BA700050C8FFFF50C8FFFF50C8FFFF50C8FFFF6E
:10BA800050C8FFFF48C8FFFF48C8FFFF50C8FFFF6E
:10BA900050C8FFFF50C8FFFF50C8FFFF50C8FFFF4E
:10BAA00050C8FFFF50C8FFFF50C8FFFF50C8FFFF3E
:10BAB00050C8FFFF50C8FFFF50C8FFFF50C8FFFF2E
:10BAC00050C8FFFF50C8FFFF50C8FFFF50C8FFFF1E
:10BAD00050C8FFFF50C8FFFF50C8FFFF50C8FFFF0E
:10BAE00050C8FFFF50C8FFFF50C8FFFF50C8FFFFFE
:10BAF00050C8FFFF50C8FFFF50C8FFFF50C8FFFFEE
:10BB000050C8FFFF48C8FFFF48C8FFFF48C8FFFFF5
:10BB100048C8FFFF48C8FFFF48C8FFFF48C8FFFFED
:10BB200048C8FFFF48C8FFFF48C8FFFF50C8FFFFD5
:10BB300050C8FFFF50C8FFFF50C8FFFF50C8FFFFAD
:10BB400050C8FFFF50C8FFFF50C8FFFF50C8FFFF9D
:10BB500050C8FFFF50C8FFFF48C8FFFF48C8FFFF9D
:10BB600050C8FFFF50C8FFFF50C8FFFF50C8FFFF7D
:10BB700050C8FFFF50C8FFFF50C8FFFF50C8FFFF6D
:10BB800050C8FFFF50C8FFFF50C8FFFF50C8FFFF5D
:10BB900048C8FFFF48C8FFFF50C8FFFF48C8FFFF65
:10BBA00048C8FFFF50C8FFFF48C8FFFF48C8FFFF55
:10BBB0009CC6FFFFA4C6FFFFA4C6FFFFA4C6FFFFED
:10BBC000A4C6FFFFA4C6FFFF9CC6FFFFA4C6FFFFDD
:10BBD000A4C6FFFFA4C6FFFFA4C6FFFFA4C6FFFFC5
:10BBE0009CC6FFFFA4C6FFFFA4C6FFFF9CC6FFFFC5
:10BBF000A4C6FFFFA4C6FFFFA4C6FFFFA4C6FFFFA5
:10BC0000A4C6FFFF9CC6FFFFA4C6FFFFA4C6FFFF9C
:10BC1000A4C6FFFFA4C6FFFFA4C6FFFF9CC6FFFF8C
:10BC2000A4C6FFFFA4C6FFFFA4C6FFFFA4C6FFFF74
:10BC3000A4C6FFFFA4C6FFFFA4C6FFFFA4C6FFFF64
:10BC4000A4C6FFFFA4C6FFFFA4C6FFFFA4C6FFFF54
:10BC5000A4C6FFFFA4C6FFFFA4C6FFFFA4C6FFFF44
:10BC6000A4C6FFFFA4C6FFFFA4C6FFFFA4C6FFFF34
:10BC7000A4C6FFFFA4C6FFFFA4C6FFFFA4C6FFFF24
:10BC8000A4C6FFFFA4C6FFFFA4C6FFFFA4C6FFFF14
:10BC9000A4C6FFFFA4C6FFFFA4C6FFFFA4C6FFFF04
:10BCA000A4C6FFFFA4C6FFFFA4C6FFFFA4C6FFFFF4
:10BCB000A4C6FFFFA4C6FFFFA4C6FFFFA4C6FFFFE4
:10BCC000A4C6FFFFA4C6FFFFA4C6FFFFA4C6FFFFD4
:10BCD000A4C6FFFFA4C6FFFFA4C6FFFFA4C6FFFFC4
:10BCE000A4C6FFFFA4C6FFFFA4C6FFFFA4C6FFFFB4
:10BCF000A4C6FFFFA4C6FFFFA4C6FFFFA4C6FFFFA4
:10BD0000A4C6FFFFA4C6FFFFA4C6FFFFA4C6FFFF93
:10BD1000A4C6FFFFA4C6FFFFA4C6FFFFA4C6FFFF83
:10BD20009CC6FFFF9CC6FFFFA4C6FFFFA4C6FFFF83
:10BD3000A4C6FFFF9CC6FFFF9CC6FFFFA4C6FFFF73
:10BD4000A4C6FFFFA4C6FFFFA4C6FFFFA4C6FFFF53
:10BD5000A4C6FFFFA4C6FFFFA4C6FFFFA4C6FFFF43
:10BD6000A4C6FFFFA4C6FFFF9CC6FFFF9CC6FFFF43
:10BD7000B8C9FFFFB8C9FFFFA4C9FFFFB8C9FFFFDB
:10BD800090C9FFFFB8C9FFFF7CC9FFFFB8C9FFFF1B
:10BD900068C9FFFFB8C9FFFF54C9FFFF5B48444DA6
:10BDA000495F52585D20504C4C206C6F636B20747F
:10BDB000696D656F75740D0A000000005B48444DA5
:10BDC000495F52585D20417578206E6F742072650E
:10BDD000616479202874696D656F7574290D0A0096
:10BDE0005B48444D495F52585D20566964656F2039
:10BDF0006E6F74207265616479202874696D656F57
:10BE00007574290D0A00000000000000313220473F
:10BE1000000000003620470033204700312E352037
:10BE200047000000323730204D00000014D2FFFFE1
:10BE300050D2FFFF50D2FFFF50D2FFFF50D2FFFF82
:10BE400050D2FFFF14D2FFFF50D2FFFF50D2FFFFAE
:10BE500050D2FFFF50D2FFFF50D2FFFF14D2FFFF9E
:10BE600050D2FFFF50D2FFFF50D2FFFF50D2FFFF52
:10BE700050D2FFFF50D2FFFF50D2FFFF50D2FFFF42
:10BE800014D2FFFF50D2FFFF50D2FFFF50D2FFFF6E
:10BE900050D2FFFF50D2FFFF14D2FFFF50D2FFFF5E
:10BEA00050D2FFFF50D2FFFF50D2FFFF50D2FFFF12
:10BEB00050D2FFFF50D2FFFF50D2FFFF50D2FFFF02
:10BEC00050D2FFFF50D2FFFF50D2FFFF50D2FFFFF2
:10BED00050D2FFFF50D2FFFF50D2FFFF50D2FFFFE2
:10BEE00050D2FFFF50D2FFFF50D2FFFF50D2FFFFD2
:10BEF00050D2FFFF50D2FFFF50D2FFFF50D2FFFFC2
:10BF000050D2FFFF50D2FFFF50D2FFFF50D2FFFFB1
:10BF100014D2FFFF14D2FFFF50D2FFFF50D2FFFF19
:10BF200050D2FFFF50D2FFFF50D2FFFF50D2FFFF91
:10BF300050D2FFFF50D2FFFF50D2FFFF50D2FFFF81
:10BF400050D2FFFF50D2FFFF50D2FFFF50D2FFFF71
:10BF500050D2FFFF50D2FFFF50D2FFFF50D2FFFF61
:10BF600050D2FFFF50D2FFFF50D2FFFF50D2FFFF51
:10BF700050D2FFFF50D2FFFF50D2FFFF50D2FFFF41
:10BF800050D2FFFF50D2FFFF50D2FFFF50D2FFFF31
:10BF900050D2FFFF50D2FFFF50D2FFFF14D2FFFF5D
:10BFA00014D2FFFF50D2FFFF50D2FFFF50D2FFFF4D
:10BFB00014D2FFFF14D2FFFF50D2FFFF50D2FFFF79
:10BFC00050D2FFFF50D2FFFF50D2FFFF50D2FFFFF1
:10BFD00050D2FFFF50D2FFFF50D2FFFF50D2FFFFE1
:10BFE00050D2FFFF14D2FFFF14D2FFFF68D5FFFF2E
:10BFF00070D5FFFF78D5FFFF98D5FFFF80D5FFFFF5
:10C0000088D5FFFF90D5FFFF232D302B20000000A7
:10C01000686C4C0065666745464700003031323336
:10C020003435363738394142434445460000000034
:10C03000303132333435363738396162636465669E
:10C0400000000000000000000000000000000000F0
:08C05000ECAB008010AC008095
:08C0580034AC008048AC00800C
:10C0600030C200800100000058C10080FFFFFFFFC8
:10C07000FFFFFF0080C00080000000000000000003
:10C0800000000000000000000000000000000000B0
:10C0900000000000000000000000000000000000A0
:10C0A0000000000000000000000000000000000090
:10C0B0000000000000000000000000000000000080
:10C0C0000000000000000000000000000000000070
:10C0D0000000000000000000000000000000000060
:040000058000000077
:00000001FF
